nct,decision,confidence,evidence,evidence_links,readout_date,investigational_drug
NCT05304468,eligible,medium,"Registry: active not recruiting, 452 enrolled, primary completion 2026-10-29 estimated, but record not updated since 2025-03-21. PubMed and PMC full text searched for the NCT number, study id 2022-FXY-017 and reduced-dose radiotherapy after induction chemotherapy in NPC: only review citations of the ongoing trial, no result (the 2025 CA Cancer J Clin reduced-volume trial is a sibling, NCT04384627). General web search was unavailable (session search budget exhausted), so trade press, exchange notices and conference sites were not searched by name.",https://clinicaltrials.gov/api/v2/studies/NCT05304468,,reduced-dose radiotherapy
NCT03168880,already_read_out,high,"Primary analysis presented at SABCS 2022 (abstract GS5-01, Cancer Res supplement dated 2023-03-01): 720 randomised, 5-year DFS 70.6% vs 64.5%, HR 0.79 (0.61-1.02), p=0.073, not significant; OS HR 0.75. Full paper J Clin Oncol epub 2025-10-20 (PMID 41115255, EFS HR 0.80, 'prespecified primary analysis'). Date given is the supplement issue I opened; the oral presentation was in December 2022 and was not opened. Registry still shows active not recruiting.",https://clinicaltrials.gov/api/v2/studies/NCT03168880 https://api.crossref.org/works/10.1158/1538-7445.sabcs22-gs5-01 https://eutils.ncbi.nlm.nih.gov/entrez/eutils/efetch.fcgi?db=pubmed&retmode=xml&id=41115255,2023-03-01,carboplatin
NCT05884255,eligible,medium,"Registry: recruiting, 220 planned, updated 2026-05-19. PubMed and PMC searched for NCT number, HRFS-Q-2011-301 and lutetium oxodotreotide with Hengrui: no result. Hengrui pipeline page ('by Jul 2026') opened but did not show this product; Hengrui's Chinese exchange notices could not be searched. General web search was unavailable (session search budget exhausted), so trade press, exchange notices and conference sites were not searched by name.",https://clinicaltrials.gov/api/v2/studies/NCT05884255 https://www.hengrui.com/en/pipeline.html,,lutetium (177lu) oxodotreotide
NCT04498117,already_read_out,high,"CanariaBio shareholder notice of 2024-02-29 states that on 2024-01-17 (interim result announcement date) the DSMB recommended stopping the oregovomab global phase 3 after the futility analysis failed the required P-value; dosing stopped, 378 cohort-1 patients in follow-up. The Bell (2025-05-29) confirms no significant PFS difference at the interim and a later DSMB revision to 'continue with modifications' with no new enrolment. Date given is the earliest notice I opened; the original 2024-01-17 KRX filing was not opened. Registry still active not recruiting.",https://clinicaltrials.gov/api/v2/studies/NCT04498117 https://www.canariabio.com/ir/notice.php?ptype=view&idx=118&page=1&code=notice&category=10 https://m.thebell.co.kr/m/newsview.asp?svccode=00&newskey=202505271607244880101477 https://www.canariabio.com/pr/news.php,2024-02-29,
NCT04658862,already_read_out,high,"J&J statement of 2024-10-07: SunRISe-2 discontinued after a pre-specified interim analysis and IDMC recommendation, 'for not showing superiority versus chemoradiation'. Repeated in Ther Deliv industry update (PMC11849935). J&J pipeline of 2026-07-15 no longer lists it. Registry still shows active not recruiting with no 'why stopped'.",https://clinicaltrials.gov/api/v2/studies/NCT04658862 https://www.jnj.com/media-center/press-releases/johnson-johnson-statement-on-the-sunrise-2-study https://pmc.ncbi.nlm.nih.gov/articles/PMC11849935/ https://s203.q4cdn.com/636242992/files/doc_financials/2026/q2/v2/JNJ-Pipeline-2Q26.pdf,2024-10-07,tar-200 + cetrelimab
NCT06751485,eligible,medium,"Registry is stale: 'not yet recruiting', not updated since 2024-12-31. PubMed and PMC searched for NCT number, JSKN003-306 and JSKN003 in platinum-resistant ovarian cancer: 2026 reviews list the phase 3 as ongoing and cite only phase 1/2 data. Alphamab's website returned no readable content and its HKEX announcements could not be searched, so an interim-analysis notice cannot be excluded. General web search was unavailable (session search budget exhausted), so trade press, exchange notices and conference sites were not searched by name. Highest-priority row for a proper search.",https://clinicaltrials.gov/api/v2/studies/NCT06751485 https://eutils.ncbi.nlm.nih.gov/entrez/eutils/efetch.fcgi?db=pmc&retmode=xml&id=13360467 https://eutils.ncbi.nlm.nih.gov/entrez/eutils/efetch.fcgi?db=pmc&retmode=xml&id=13530527,,
NCT06081959,already_read_out,high,"This is OptiTROP-Breast02 (NCT link confirmed in Transl Breast Cancer Res 2026, PMC13458267: PFS 8.3 vs 4.1 months, HR 0.35). Kelun-Biotech release of 2025-05-22 (fourth sac-TMT NDA accepted by CDE): BIRC-assessed PFS met the primary endpoint at a pre-specified interim analysis. Presented at ESMO on 2025-10-18; NMPA approval 2026-02-06. Registry still says recruiting.",https://clinicaltrials.gov/api/v2/studies/NCT06081959 http://en.kelun-biotech.com/newsCenter.aspx?mid=18&page=6 http://en.kelun-biotech.com/newsCenter.aspx?mid=18&page=5 https://eutils.ncbi.nlm.nih.gov/entrez/eutils/efetch.fcgi?db=pmc&retmode=xml&id=13458267,2025-05-22,
NCT06330337,eligible,medium,"Registry: recruiting, 58 planned, not updated since 2024-03-26. PubMed: only the study protocol (JMIR Res Protoc 2026-01-29) and preclinical work; no result. Academic sponsor with no news page found. General web search was unavailable (session search budget exhausted), so trade press, exchange notices and conference sites were not searched by name.",https://clinicaltrials.gov/api/v2/studies/NCT06330337 https://eutils.ncbi.nlm.nih.gov/entrez/eutils/esummary.fcgi?db=pubmed&retmode=json&id=41610368,,albumin-bound paclitaxel with specific-mode electroacupuncture
NCT04095364,eligible,high,"NRG Oncology protocol page: closed to accrual 2025-05-09 (target 450), no results or publications listed. PubMed and PMC searched for NCT number and NRG-GY019: 2025-2026 reviews describe it as ongoing. Registry updated 2026-03-24, primary completion 2027-02 estimated. A PFS non-inferiority readout 17 months after accrual closed is not plausible.",https://clinicaltrials.gov/api/v2/studies/NCT04095364 https://www.nrgoncology.org/Clinical-Trials/Protocol/nrg-gy019,,letrozole
NCT04224493,void,medium,"Ipsen release of 2026-03-09: on IDMC advice (secondary haematologic malignancies, risks may outweigh benefits) tazemetostat stopped for all SYMPHONY-1 patients and Tazverik withdrawn worldwide; no PFS or other efficacy result given; study stays open without enrolment for safety follow-up. Clin Cancer Res commentary (2026-08-14) reports 18/318 (5.7%) haematologic second malignancies vs 0 and no efficacy data. Ipsen H1 2026 results do not mention it. Medium because the trial is formally still open (registry active, updated 2026-10-05) and a later efficacy disclosure could not be excluded without a web search.",https://clinicaltrials.gov/api/v2/studies/NCT04224493 https://www.ipsen.com/press-release/update-ipsen-voluntarily-withdraws-tazverik-tazemetostat-in-follicular-lymphoma-and-epithelioid-sarcoma-3252192/ https://www.ipsen.com/press-release/ipsen-delivers-excellent-h1-2026-results-and-upgrades-its-full-year-guidance-3335743/ https://eutils.ncbi.nlm.nih.gov/entrez/eutils/efetch.fcgi?db=pubmed&retmode=xml&id=42599162 https://eutils.ncbi.nlm.nih.gov/entrez/eutils/efetch.fcgi?db=pmc&retmode=xml&id=13565804,,
NCT02531516,eligible,medium,"J&J pipeline 'as of July 15, 2026' lists ERLEADA 'Localized Prostate Cancer (ATLAS)' in phase 3, not in registration. Registry updated 2026-09-25, primary completion 2027-03 estimated. PubMed and PMC searched for NCT number and ATLAS with apalutamide: 2026 reviews call it ongoing (the 2026 NEJM apalutamide paper is the sibling PROTEUS). J&J press releases after mid-July were checked only for the latest ten. General web search was unavailable (session search budget exhausted), so trade press, exchange notices and conference sites were not searched by name.",https://clinicaltrials.gov/api/v2/studies/NCT02531516 https://s203.q4cdn.com/636242992/files/doc_financials/2026/q2/v2/JNJ-Pipeline-2Q26.pdf https://www.jnj.com/media-center/press-releases https://eutils.ncbi.nlm.nih.gov/entrez/eutils/efetch.fcgi?db=pmc&retmode=xml&id=12892170,,
NCT03604991,already_read_out,high,"ASCO 2024 abstract 4000 (J Clin Oncol 42, 16_suppl, issue dated 2024-06-01) reports the step 1 primary endpoint: pCR 21.0% without vs 24.8% with nivolumab, p=0.27, not improved (275 enrolled). The step 2 primary (DFS, nivolumab vs nivolumab+ipilimumab) is 'to be reported once mature' and nothing was found for it. Counted as read out because one of two primary endpoints is public. Date is the supplement issue date; the abstract went online about a week earlier, not opened. Registry 'suspended: end of initial phase'.",https://clinicaltrials.gov/api/v2/studies/NCT03604991 https://api.crossref.org/works/10.1200/JCO.2024.42.16_suppl.4000 https://eutils.ncbi.nlm.nih.gov/entrez/eutils/efetch.fcgi?db=pmc&retmode=xml&id=12838715,2024-06-01,nivolumab; ipilimumab
NCT07202065,eligible,medium,"Registry: recruiting, 900 planned, last updated 2025-10-07 (just over a year). PubMed and PMC searched for NCT number, Dose-Ig and TRU-RPT-22: nothing. Trial registered in 2025 with event-free survival endpoint; no sponsor news page was located. General web search was unavailable (session search budget exhausted), so trade press, exchange notices and conference sites were not searched by name.",https://clinicaltrials.gov/api/v2/studies/NCT07202065,,immune globulin intravenous
NCT00950001,already_read_out,high,"Published: Mahajan et al, Lancet Oncol, online 2017-07-04 (PMID 28687375, cites NCT00950001): 132 randomised, 12-month freedom from local recurrence 43% observation vs 72% SRS, HR 0.46 (0.24-0.88), p=0.015. Registry still lists the trial as active with primary completion 2027-04.",https://clinicaltrials.gov/api/v2/studies/NCT00950001 https://eutils.ncbi.nlm.nih.gov/entrez/eutils/efetch.fcgi?db=pubmed&retmode=xml&id=28687375 https://eutils.ncbi.nlm.nih.gov/entrez/eutils/efetch.fcgi?db=pmc&retmode=xml&id=5560102,2017-07-04,stereotactic radiosurgery
NCT06954246,eligible,medium,"Registry: recruiting, 450 planned, overall-survival endpoint, updated 2025-06-18 (over a year ago). PubMed: no MHB088C records; PMC reviews of mid-2026 list the phase 3 as ongoing. Qilu news page opened, nothing on MHB088C; Minghui's site was not reached. General web search was unavailable (session search budget exhausted), so trade press, exchange notices and conference sites were not searched by name.",https://clinicaltrials.gov/api/v2/studies/NCT06954246 https://www.qilu-pharma.com/ https://eutils.ncbi.nlm.nih.gov/entrez/eutils/efetch.fcgi?db=pmc&retmode=xml&id=13360467,,
NCT05624554,eligible,medium,"Merck pipeline (table updated 2026-08-05) lists nemtabrutinib with BELLWAVE-008 (NCT05624554) as an ongoing trial. Registry active not recruiting, updated 2026-03-16. PubMed and PMC: no result. Merck news checked only for the latest ten releases (2026-09-18 to 2026-10-01). General web search was unavailable (session search budget exhausted), so trade press, exchange notices and conference sites were not searched by name.",https://clinicaltrials.gov/api/v2/studies/NCT05624554 https://www.merck.com/research/product-pipeline/ https://www.merck.com/media/news/,,
NCT05633654,eligible,medium,"Registry: still recruiting (1,514 planned), updated 2026-09-09. Gilead Q2 2026 results release does not mention ASCENT-05 or any readout; J Clin Invest (2026-08) describes it as an ongoing randomised trial. Gilead's pipeline page did not load. General web search was unavailable (session search budget exhausted), so trade press, exchange notices and conference sites were not searched by name.",https://clinicaltrials.gov/api/v2/studies/NCT05633654 https://www.gilead.com/news/news-details/2026/gilead-sciences-announces-second-quarter-2026-financial-results https://www.gilead.com/science/pipeline https://eutils.ncbi.nlm.nih.gov/entrez/eutils/efetch.fcgi?db=pmc&retmode=xml&id=13574147,,
NCT06857175,eligible,medium,"Registry: recruiting, updated 2026-04-20. SystImmune (Biokin's US arm) news to 2026-09-22 reports phase 3 interim wins only for NPC (BL-B01D1-303), ESCC (305) and TNBC (307); nothing for urothelial carcinoma (IZABRIGHT-Bladder01, NCT07106762, is a different global sibling). Biokin's own site failed to load and its Shanghai/Hong Kong notices could not be searched; the sponsor has announced interim results quickly in other trials. General web search was unavailable (session search budget exhausted), so trade press, exchange notices and conference sites were not searched by name.",https://clinicaltrials.gov/api/v2/studies/NCT06857175 https://systimmune.com/news/1 https://systimmune.com/news/1?search=&id=1&page=2 https://systimmune.com/news_detail/48 https://systimmune.com/pipeline.html,,
NCT05096663,already_read_out,high,"ASCO 2024 abstract 2619 (J Clin Oncol 42, 16_suppl, issue dated 2024-06-01): accrual closed at the first interim (futility) analysis with 82 patients; OS, the primary endpoint, not significantly different (HR 0.73, 0.40-1.36, p=0.32); PFS HR 1.29. SWOG lists the study as permanently closed to accrual 2023-03-10 at 17% of target. Date is the supplement issue date; the abstract went online about a week earlier, not opened.",https://clinicaltrials.gov/api/v2/studies/NCT05096663 https://api.crossref.org/works/10.1200/JCO.2024.42.16_suppl.2619 https://www.swog.org/clinical-trials/s1800d https://eutils.ncbi.nlm.nih.gov/entrez/eutils/efetch.fcgi?db=pmc&retmode=xml&id=12374365,2024-06-01,
NCT06064877,eligible,high,"AVEO newsroom read to its latest item (2026-06-30): the only FIERCE-HN news is the 2026-02-18 first interim analysis, which was dose selection (20 mg/kg) on IDMC advice with no efficacy or OS data; enrolment ongoing toward 410-500. Registry recruiting, updated 2026-04-09. PubMed and PMC: 2026 reviews call the phase 3 ongoing.",https://clinicaltrials.gov/api/v2/studies/NCT06064877 https://www.aveooncology.com/newsroom/ https://www.aveooncology.com/aveo-oncology-an-lg-chem-company-announces-completion-of-the-first-interim-analysis-in-the-global-phase-3-fierce-hn-study/ https://eutils.ncbi.nlm.nih.gov/entrez/eutils/efetch.fcgi?db=pmc&retmode=xml&id=13101959,,
NCT05587374,eligible,medium,"Registry: active not recruiting, not updated since 2025-01-23. PubMed and Crossref searched for cadonilimab in nasopharyngeal carcinoma with induction or chemoradiotherapy: no result for this trial (the ASCO 2026 cadonilimab NPC result is a different trial, in recurrent or metastatic disease after immunotherapy). General web search was unavailable (session search budget exhausted), so trade press, exchange notices and conference sites were not searched by name.",https://clinicaltrials.gov/api/v2/studies/NCT05587374 https://eutils.ncbi.nlm.nih.gov/entrez/eutils/efetch.fcgi?db=pubmed&retmode=xml&id=42814119,,
NCT03201861,eligible,medium,"Registry: recruiting, 762 planned, last updated 2025-05-16 (over a year). PubMed and PMC searched for NCT number, SHPD004 and adjuvant cisplatin in high-risk early breast cancer from RenJi: no result. General web search was unavailable (session search budget exhausted), so trade press, exchange notices and conference sites were not searched by name.",https://clinicaltrials.gov/api/v2/studies/NCT03201861,,cisplatin
NCT07633873,eligible,medium,"Registry: not yet recruiting, first registered in 2026, updated 2026-06-11, primary completion 2027-09 estimated; a readout four months after registration is not plausible. PubMed: only the SYS6010 phase 1 paper (Cancer Cell, 2026-08). CSPC's website returned no readable content, so sponsor news was not checked. General web search was unavailable (session search budget exhausted), so trade press, exchange notices and conference sites were not searched by name.",https://clinicaltrials.gov/api/v2/studies/NCT07633873 https://www.cspc.com.hk/en/,,
NCT05008809,eligible,medium,"Registry: recruiting, 507 planned, updated 2025-12-12, primary completion 2027-11 estimated. PubMed and PMC: only the 2022 protocol paper. The AIO study page could not be found. General web search was unavailable (session search budget exhausted), so trade press, exchange notices and conference sites were not searched by name.",https://clinicaltrials.gov/api/v2/studies/NCT05008809 https://eutils.ncbi.nlm.nih.gov/entrez/eutils/esummary.fcgi?db=pubmed&retmode=json&id=35366831,,
NCT07234162,eligible,medium,"Registry: recruiting, 218 planned, updated 2026-06-08; trial registered in late 2025. PubMed and PMC: golidocitinib phase 3 listed as ongoing (Cancers 2026-02), no result. Dizal's website returned no readable content. General web search was unavailable (session search budget exhausted), so trade press, exchange notices and conference sites were not searched by name.",https://clinicaltrials.gov/api/v2/studies/NCT07234162 https://www.dizalpharma.com/ https://eutils.ncbi.nlm.nih.gov/entrez/eutils/efetch.fcgi?db=pmc&retmode=xml&id=12984589,,
NCT02301286,eligible,medium,"Registry: active not recruiting, 770 enrolled, not updated since 2024-03-18. PubMed, PMC and Crossref searched for NCT number, ASPIRIN trial, Leiden/Liefers and adjuvant aspirin in colon cancer: results found only for other trials (ALASCCA, ASCOLT, SAKK 41/13). No trial website reachable. General web search was unavailable (session search budget exhausted), so trade press, exchange notices and conference sites were not searched by name.",https://clinicaltrials.gov/api/v2/studies/NCT02301286,,
NCT06158841,eligible,medium,"Registry: active not recruiting, 421 enrolled, updated 2026-08-27. PubMed and PMC: 2026 reviews describe CERVINO as an ongoing randomised trial, no result. AbbVie newsroom checked only for the latest ten releases (to 2026-10-07), none on etentamig; AbbVie pipeline page returned 403. ORR is a dual primary and could be reported early. General web search was unavailable (session search budget exhausted), so trade press, exchange notices and conference sites were not searched by name.",https://clinicaltrials.gov/api/v2/studies/NCT06158841 https://news.abbvie.com/news/press-releases https://www.abbvie.com/science/pipeline.html https://eutils.ncbi.nlm.nih.gov/entrez/eutils/efetch.fcgi?db=pmc&retmode=xml&id=13338907,,
NCT07138209,eligible,medium,"Registry: recruiting, 228 planned, updated 2026-05-22; registered 2025. PubMed: no QLS32015 records; one 2026 review lists the trial. Qilu news page opened, nothing on QLS32015. General web search was unavailable (session search budget exhausted), so trade press, exchange notices and conference sites were not searched by name.",https://clinicaltrials.gov/api/v2/studies/NCT07138209 https://www.qilu-pharma.com/,,
NCT06881784,eligible,medium,"Registry: still recruiting, updated 2026-09-29, primary completion 2027-12-01 estimated. PMC reviews of July-September 2026 list RASolve 301 as an ongoing phase 3. Revolution Medicines investor pages returned 403 and its main site shows no trial news, so sponsor releases were not read. General web search was unavailable (session search budget exhausted), so trade press, exchange notices and conference sites were not searched by name.",https://clinicaltrials.gov/api/v2/studies/NCT06881784 https://ir.revmed.com/news-releases https://www.revmed.com/pipeline/ https://eutils.ncbi.nlm.nih.gov/entrez/eutils/efetch.fcgi?db=pmc&retmode=xml&id=13458617,,
NCT03464305,eligible,medium,"Registry: active not recruiting, 148 enrolled, not updated since 2024-03-19. Sister trial of the Dutch ASPIRIN trial (NCT02301286); PubMed, PMC and Crossref searches for either found no result. General web search was unavailable (session search budget exhausted), so trade press, exchange notices and conference sites were not searched by name.",https://clinicaltrials.gov/api/v2/studies/NCT03464305,,
