nct,acronym,title_names,sponsor_study_id,other_ids,intervention_names,investigational_drug,lead_sponsor,collaborators,brief_title,conditions,status,primary_completion_date,primary_outcomes,exclusion_review
NCT05304468,,,2022-FXY-017,,IMRT; induction chemotherapy; cisplatin concurrent chemotherapy,,Sun Yat-sen University,,Reduced-dose Versus Standard Dose Radiotherapy for Nasopharyngeal Carcinomain,Nasopharyngeal Carcinoma,ACTIVE_NOT_RECRUITING,2026-10-29,PFS (progression-free survival),non-inferiority mentioned
NCT03168880,TNBC,,CTRI/2012/07/002802,,Paclitaxel + Carboplatin; Paclitaxel only,paclitaxel + carboplatin,Tata Memorial Hospital,,"A Randomized Controlled Trial of Neoadjuvant Weekly Paclitaxel Versus Weekly Paclitaxel Plus Weekly Carboplatin In Women With Large Operable or Locally Advanced, Triple Negative Breast Cancer",Triple Negative Breast Cancer,ACTIVE_NOT_RECRUITING,2026-11-30,DFS | OS,
NCT05884255,,,HRFS-Q-2011-301,,Lutetium (177Lu) Oxodotreotide Injection；long-acting Octreotide; long-acting Octreotide,lutetium oxodotreotide injection；long-acting octreotide,"Jiangsu HengRui Medicine Co., Ltd.",,An Open-label Phase 3 Study of Lutetium (177Lu) Oxodotreotide Injection in Subjects With Advanced Gastrointestinal Pancreatic Neuroendocrine Tumors.,Advanced Gastroenteropancreatic Neuroendocrine Tumor,RECRUITING,2026-12,Progression-free survival (PFS) assessed by BICR,
NCT04498117,FLORA-5,,QPT-ORE-005,GOG-3035; FLORA-5; FLORA5,Oregovomab; MAb-B43.13; Paclitaxel; Taxol; Carboplatin; Paraplatin,oregovomab,CanariaBio Inc.,Gynecologic Oncology Group; IQVIA Pty Ltd,Oregovomab Plus Chemo in Newly Diagnosed Patients With Advanced Epithelial Ovarian Cancer Following Optimal Debulking Surgery,"Carcinoma, Ovarian Epithelial; Ovarian Neoplasms; Ovarian Cancer; Ovarian Serous Adenocarcinoma; Fallopian Tube Neoplasms; Fallopian Tube Adenocarcinoma; Fallopian Tube Serous Adenocarcinoma; Peritoneal Cancer; Peritoneal Carcinoma; Peritoneal Neoplasms",ACTIVE_NOT_RECRUITING,2026-12-26,Investigator Assessed Progression Free Survival,
NCT04658862,SunRISe-2,,CR108917,17000139BLC3001; 2020-002620-36; 2023-507188-21-00,Cetrelimab; JNJ-63723283; TAR-200; JNJ-17000139; Cisplatin; Gemcitabine; Conventional radiation therapy; Hypo-fractioned radiation therapy,cetrelimab,"Janssen Research & Development, LLC",,A Study of TAR-200 in Combination With Cetrelimab Versus Concurrent Chemoradiotherapy in Participants With Muscle-invasive Bladder Cancer (MIBC) of the Bladder,Urinary Bladder Neoplasms,ACTIVE_NOT_RECRUITING,2026-12-30,Time from Randomization to the First Bladder Intact Event-free Survival (BI-EFS) event,
NCT06751485,,,JSKN003-306,,JSKN003; Doxorubicin; Paclitaxel; Topotecan,jskn003,"Jiangsu Alphamab Biopharmaceuticals Co., Ltd",,"JSKN003 in Platinum-Resistant, Relapsed Epithelial Ovarian Cancer",Ovarian Cancer; Primary Peritoneal; Fallopian Tube Cancers,NOT_YET_RECRUITING,2026-12-30,Progression-free Survival (PFS) assessed by Blinded Independent Review Committee (BIRC) as per RECIST 1.1,
NCT06081959,,,SKB264-Ⅲ-10,,SKB264; Eribulin; Capecitabine; Gemcitabine; Vinorelbine,skb264,"Sichuan Kelun-Biotech Biopharmaceutical Co., Ltd.",,"Study of SKB264 for Locally Advanced, Recurrent or Metastatic HR+/HER2- Breast Cancer",Metastatic Breast Cancer,RECRUITING,2026-12-31,Progression-free survival (PFS) assessed by BIRC per RECIST 1.1.,
NCT06330337,,,ZSLL-KY-2024-010-01,,Temozolomide（TMZ） injection or oral administration; Albumin-Bound Paclitaxel(ABX) intravenous drip; Specific mode electroacupuncture stimulation(SMES) intervention,,The Third Affiliated hospital of Zhejiang Chinese Medical University,Zhejiang University,Effect of Electroacupuncture Combined With Paclitaxel Clinical Efficacy of Patients With Recurrence of High-grade Glioma,Glioma,RECRUITING,2026-12-31,Overall survival（OS）,
NCT04095364,,,NRG-GY019,NCI-2019-01460; NRG-GY019; U10CA180868,Biopsy Procedure; Biopsy; BIOPSY_TYPE; Bx; Biospecimen Collection; Biological Sample Collection; Biospecimen Collected; Specimen Collection; Carboplatin; Blastocarb; Carboplat; Carboplatin Hexal; Carboplatino; Carboplatinum; Carbosin; Carbosol; Carbotec; CBDCA; Displata; Ercar; JM-8; JM8; Nealorin; Novoplatinum; Paraplatin; Paraplatin AQ; Paraplatine; Platinwas; Ribocarbo; Imaging Procedure; Diagnostic Imaging Technique; Image Type; Imaging; Imaging (procedure); Imaging Procedures; Imaging Technique; imaging type; IMAGING_METHOD; imaging_type; Medical Imaging; Type of imaging; Letrozole; CGS 20267; CGS-20267; CGS20267; Femara; Fempro; Paclitaxel; Anzatax; Asotax; Bristaxol; Praxel; Taxol; Taxol Konzentrat,carboplatin,NRG Oncology,National Cancer Institute (NCI),"Letrozole With or Without Paclitaxel and Carboplatin in Treating Patients With Stage II-IV Ovarian, Fallopian Tube, or Primary Peritoneal Cancer",Low Grade Fallopian Tube Serous Adenocarcinoma; Ovarian Low Grade Serous Adenocarcinoma; Primary Peritoneal Low Grade Serous Adenocarcinoma; Stage II Fallopian Tube Cancer AJCC v8; Stage II Ovarian Cancer AJCC v8; Stage II Primary Peritoneal Cancer AJCC v8; Stage III Fallopian Tube Cancer AJCC v8; Stage III Ovarian Cancer AJCC v8; Stage III Primary Peritoneal Cancer AJCC v8; Stage IV Fallopian Tube Cancer AJCC v8; Stage IV Ovarian Cancer AJCC v8; Stage IV Primary Peritoneal Cancer AJCC v8,ACTIVE_NOT_RECRUITING,2027-02-01,Progression-free survival (PFS),non-inferiority mentioned
NCT04224493,SYMPHONY-1,,EZH-302,2019-003333-42; 2024-510690-16-00,Tazemetostat; EPZ-6438; IPN60200; Lenalidomide; Rituximab,tazemetostat,"Epizyme, Inc.",,"A Study to Assess the Efficacy, Safety, Pharmacodynamics, and Pharmacokinetics of Tazemetostat in Combination With Lenalidomide Plus Rituximab Versus Placebo in Combination With Lenalidomide Plus Rituximab in Adult Patients at Least 18 Years of Age With Relapsed/Refractory Follicular Lymphoma.",Relapsed/Refractory Follicular Lymphoma; Follicular Lymphoma; Refractory Follicular Lymphoma,ACTIVE_NOT_RECRUITING,2027-02-13,Phase 1b: Recommended Phase 3 Dose (RP3D) of tazemetostat in combination with rituximab and lenalidomide (R2) | Phase 3: Progression-Free Survival (PFS) in the Intent-to-treat wild-type (ITT-WT) populations | Phase 3: PFS in the Intent-to-treat mutant-type (ITT-MT) population | Phase 3: PFS in the R/R FL population regardless of mutation status by Investigator assessment | Phase 3: Progression-Free Survival (PFS) in the all comer (ITT-All) populations.,
NCT02531516,,,CR106935,56021927PCR3003; 2015-003007-38; 2023-505246-26-00,Apalutamide; Bicalutamide; GnRH (agonist); 74-80 Grays (units of radiation),apalutamide,"Aragon Pharmaceuticals, Inc.",,An Efficacy and Safety Study of JNJ-56021927 (Apalutamide) in High-risk Prostate Cancer Subjects Receiving Primary Radiation Therapy: ATLAS,Prostatic Neoplasms,ACTIVE_NOT_RECRUITING,2027-03-01,Metastasis-Free Survival (MFS),
NCT03604991,,,NCI-2018-01575,NCI-2018-01575; EA2174; U10CA180820,"Biospecimen Collection; Biological Sample Collection; Biospecimen Collected; Sample Collection; Specimen Collection; Carboplatin; Blastocarb; Carboplat; Carboplatin Hexal; Carboplatino; Carboplatinum; Carbosin; Carbosol; Carbotec; CBDCA; Displata; Ercar; JM-8; JM8; Nealorin; Novoplatinum; Paraplatin; Paraplatin AQ; Paraplatine; Platinwas; Ribocarbo; Computed Tomography; CAT; CAT Scan; Computed Axial Tomography; Computerized Axial Tomography; Computerized axial tomography (procedure); Computerized Tomography; Computerized Tomography (CT) scan; CT; CT Scan; Diagnostic CAT Scan; Diagnostic CAT Scan Service Type; tomography; Ipilimumab; Anti-Cytotoxic T-Lymphocyte-Associated Antigen-4 Monoclonal Antibody; BMS 734016; BMS-734016; BMS734016; Ipilimumab Biosimilar CS1002; MDX 010; MDX-010; MDX-CTLA4; MDX010; Yervoy; Nivolumab; ABP 206; BCD-263; BMS 936558; BMS-936558; BMS936558; CMAB819; MDX 1106; MDX-1106; MDX1106; NIVO; Nivolumab Biosimilar ABP 206; Nivolumab Biosimilar BCD-263; Nivolumab Biosimilar CMAB819; ONO 4538; ONO-4538; ONO4538; Opdivo; Paclitaxel; Anzatax; Asotax; Bristaxol; Praxel; Taxol; Taxol Konzentrat; Positron Emission Tomography; Medical Imaging, Positron Emission Tomography; PET; PET Scan; Positron emission tomography (procedure); Positron Emission Tomography Scan; Positron-Emission Tomography; PT; Radiation Therapy; Cancer Radiotherapy; Energy Type; ENERGY_TYPE; Irradiate; Irradiated; Irradiation; Radiation; Radiation Therapy, NOS; Radiotherapeutics; Radiotherapy; RT; Therapy, Radiation",carboplatin,National Cancer Institute (NCI),,Nivolumab and Ipilimumab in Treating Patients With Esophageal and Gastroesophageal Junction Adenocarcinoma Undergoing Surgery,Clinical Stage II Esophageal Adenocarcinoma AJCC v8; Clinical Stage II Gastroesophageal Junction Adenocarcinoma AJCC v8; Clinical Stage III Esophageal Adenocarcinoma AJCC v8; Clinical Stage III Gastroesophageal Junction Adenocarcinoma AJCC v8; Clinical Stage IVA Esophageal Adenocarcinoma AJCC v8; Clinical Stage IVA Gastroesophageal Junction Adenocarcinoma AJCC v8; Esophageal Adenocarcinoma; Gastroesophageal Junction Adenocarcinoma,SUSPENDED,2027-03-31,Pathologic complete response (Step I) | Disease-free survival (DFS) (Step 2),
NCT07202065,,Dose Ig; Dose-Ig,TRU-RPT-22 Dose-Ig,,Immune Globulin Intravenous; IVIG,,Monash University,,Role of Antibiotic Therapy or Immunoglobulin On iNfections in hAematoLogy Dosing Immunoglobulin (Dose Ig),Myeloma; Non Hodgkin&#39;s Lymphoma; Leukemia,RECRUITING,2027-03-31,Event-free survival (EFS).,
NCT00950001,,,2009-0381,NCI-2011-00542; 2009-0381; P30CA016672,Stereotactic Radiosurgery; Stereotactic External Beam Irradiation; stereotactic external-beam radiation therapy; stereotactic radiation therapy; Stereotactic Radiotherapy; stereotaxic radiation therapy; stereotaxic radiosurgery,,M.D. Anderson Cancer Center,National Cancer Institute (NCI),Stereotactic Radiosurgery Compared to Observation in Treating Patients With Brain Metastases,Metastatic Malignant Neoplasm in the Brain,ACTIVE_NOT_RECRUITING,2027-04-30,Time to local recurrence,
NCT06954246,,SCLC,MHB088C-P-301,,MHB088C for Injection; Topotecan; Irinotecan; Paclitaxel,mhb088c for injection,"Qilu Pharmaceutical Co., Ltd.",,A Study of MHB088C Injection Versus Treatment of Physician's Choice in Subjects With Relapsed Small Cell Lung Cancer,Small Cell Lung Cancer Extensive Stage,RECRUITING,2027-05,Overall Survival,
NCT05624554,,,1026-008,2022-501481-21-00; MK-1026-008; U1111-1274-2574; 2021-006593-23,Nemtabrutinib; MK-1026; ARQ 531; Fludarabine; Cyclophosphamide; Bendamustine; Rituximab; RITUXAN®/MabThera; Truxima; Rituximab biosimilar; Ruxience; Riabni,nemtabrutinib,Merck Sharp & Dohme LLC,,"A Study of Nemtabrutinib vs Chemoimmunotherapy for Participants With Previously Untreated Chronic Lymphocytic Leukemia/Small Lymphocytic Lymphoma (CLL/SLL) Without TP53 Aberrations (MK-1026-008, BELLWAVE-008)",Chronic Lymphocytic Leukemia; Small Lymphocytic Lymphoma,ACTIVE_NOT_RECRUITING,2027-05-19,Progression-Free Survival (PFS) per International Workshop on Chronic Lymphocytic Leukemia (iwCLL) Criteria 2018 as Assessed by Blinded Independent Central Review (BICR),
NCT05633654,,,GS-US-595-6184,2024-512279-10,Sacituzumab govitecan-hziy (SG); GS-0132; IMMU-132; Trodelvy™; Pembrolizumab; KEYTRUDA®; Capecitabine; Xeloda,sacituzumab govitecan-hziy,Gilead Sciences,"Alliance Foundation Trials, LLC.; NSABP Foundation Inc; GBG Forschungs GmbH",Study of Sacituzumab Govitecan-hziy and Pembrolizumab Versus Treatment of Physician's Choice in Patients With Triple Negative Breast Cancer Who Have Residual Invasive Disease After Surgery and Neoadjuvant Therapy (ASCENT-05/AFT-65 OptimICE-RD/GBG 119/NSABP B-63),Triple Negative Breast Cancer,RECRUITING,2027-06,Invasive Disease-free Survival (iDFS),
NCT06857175,,PANKU-Bladder01,BL-B01D1-309,,BL-B01D1; iza-bren; izalontamab brengitecan; BMS-986507; Docetaxel or Paclitaxel,bl-b01d1,"Sichuan Baili Pharmaceutical Co., Ltd.","Baili-Bio (Chengdu) Pharmaceutical Co., Ltd.",A Study Comparing BL-B01D1 With Chemotherapy of Physician's Choice in Patients With Recurrent or Metastatic Urothelial Carcinoma(PANKU-Bladder01),Urothelial Carcinoma,RECRUITING,2027-06,Progression-free survival (PFS) | Overall survival (OS),
NCT05096663,,A Lung-MAP Treatment Trial; Lung-MAP Non-Match Sub-Study,S1800D,NCI-2021-09852; S1800D; U10CA180888,Cobalamin; B12 Vitamin; Cobalamin (1+); VIT B12; Vitamin B-12; Vitamin B12; Vitamin-B12; Dexamethasone; Aacidexam; Adexone; Aknichthol Dexa; Alba-Dex; Alin; Alin Depot; Alin Oftalmico; Amplidermis; Anemul mono; Auricularum; Auxiloson; Baycadron; Baycuten; Baycuten N; Cortidexason; Cortisumman; Decacort; Decadrol; Decadron; Decadron DP; Decalix; Decameth; Decasone R.p.; Dectancyl; Dekacort; Deltafluorene; Deronil; Desamethasone; Desameton; Dexa-Mamallet; Dexa-Rhinosan; Dexa-Scheroson; Dexa-sine; Dexacortal; Dexacortin; Dexafarma; Dexafluorene; Dexalocal; Dexamecortin; Dexameth; Dexamethasone Intensol; Dexamethasonum; Dexamonozon; Dexapos; Dexinoral; Dexone; Dinormon; Dxevo; Fluorodelta; Fortecortin; Gammacorten; Hemady; Hexadecadrol; Hexadrol; Lokalison-F; Loverine; Methylfluorprednisolone; Millicorten; Mymethasone; Orgadrone; Spersadex; TaperDex; Visumetazone; ZoDex; Docetaxel; Docecad; RP56976; Taxotere; Taxotere Injection Concentrate; Folic Acid; 2-[4-[(2-amino-4-oxo-1H-pteridin-6-yl)methylamino]benzoyl]aminopentanedioic acid; FA; Folacin; Pteroylmonoglutamic Acid; Vitamin B9; Vitamin Bc; Gemcitabine; dFdC; dFdCyd; Difluorodeoxycytidine; Nogapendekin Alfa; ALT 803; ALT-803; ALT803; Fusion Protein Consisting of IL-15N72D and IL-15RaSu/FC; IL-15N72D/IL-15Ra-Fc; IL-15N72D:IL-15RaSu/Fc Fusion Complex; N 803; N-803; N803; Superagonist Interleukin-15:Interleukin-15 Receptor AlphaSu/Fc Fusion Complex Alt-803; Pembrolizumab; Keytruda; Lambrolizumab; MK-3475; SCH 900475; Pemetrexed; MTA; Multitargeted Antifolate; Pemfexy; Ramucirumab; Anti-VEGFR-2 Fully Human Monoclonal Antibody IMC-1121B; Cyramza; IMC-1121B; LY3009806; Monoclonal Antibody HGS-ETR2,nogapendekin alfa,SWOG Cancer Research Network,National Cancer Institute (NCI),Testing the Use of Combination Immunotherapy Treatment (N-803 [ALT-803] Plus Pembrolizumab) Against the Usual Treatment for Advanced Non-small Cell Lung Cancer (A Lung-MAP Treatment Trial),Advanced Lung Non-Small Cell Carcinoma; Recurrent Lung Non-Small Cell Carcinoma; Stage III Lung Cancer AJCC v8; Stage IIIA Lung Cancer AJCC v8; Stage IIIB Lung Cancer AJCC v8; Stage IIIC Lung Cancer AJCC v8; Stage IV Lung Cancer AJCC v8; Stage IVA Lung Cancer AJCC v8; Stage IVB Lung Cancer AJCC v8,ACTIVE_NOT_RECRUITING,2027-06-30,Overall survival,
NCT06064877,FIERCE-HN,,AV-299-23-301,,Ficlatuzumab; AV-299; Cetuximab; Erbitux,ficlatuzumab,"AVEO Pharmaceuticals, Inc.",,A Study of Ficlatuzumab in Combination With Cetuximab in Participants With Recurrent or Metastatic (R/M) HPV Negative Head and Neck Squamous Cell Carcinoma,Metastatic Head-and-neck Squamous-cell Carcinoma; Recurrent Head and Neck Squamous Cell Carcinoma,RECRUITING,2027-08,To compare the efficacy by overall survival of ficlatuzumab plus cetuximab vs placebo plus cetuximab in participants with recurrent/metastatic (R/M) head and neck squamous cell carcinoma (HNSCC),
NCT05587374,GEMSTONE,,AK104-IIT-019,,Cadonilimab; PD-1/CTLA-4 bi-specific antibody; Gemcitabine; GEM; Cisplatin; DDP; Intensity-modulated radiotherapy; IMRT,cadonilimab,Sun Yat-sen University,"Akeso Pharmaceuticals, Inc.",Cadonilimab (PD-1/CTLA-4 Bispecific Blockade) and Chemoradiotherapy in Nasopharyngeal Carcinoma (GEMSTONE),Nasopharyngeal Carcinoma; Nasopharyngeal Cancer,ACTIVE_NOT_RECRUITING,2027-08-01,Failure-free survival (FFS) in intention-to-treat population | Overall survival (OS) in intention-to-treat population,
NCT03201861,,,SHPD004,,"Paclitaxel, Cisplatin; Taxol; EC to docetaxel or paclitaxel","paclitaxel, cisplatin",RenJi Hospital,,Addition of Cisplatin to Adjuvant Chemotherapy for Early Stage Breast Cancer in High-Risk Women,Tubular Breast Cancer; Mucinous Breast Cancer; Invasive Duct Carcinoma of Breast,RECRUITING,2027-08-31,Number of Participants With Disease-Free Survival (DFS) Events,
NCT07633873,,,SYS6010-022,,SYS6010 injection; Enlonstobart injection; SG001; Tislelizumab injection; Tevimbra; Paclitaxel+Carboplatin or Pemetrexed + Cisplatin/Carboplatin; TP regimen or AP regimen,sys6010 injection,"CSPC Megalith Biopharmaceutical Co.,Ltd.",,SYS6010 Combined With Enlonstobart Versus Immunotherapy+ Platinum-based Chemotherapy for Patients With PD-L1-Positive Locally Advanced or Metastatic NSCLC（SYNSTAR 04）,Non-Small Cell Lung Cancer,NOT_YET_RECRUITING,2027-09-30,Progression Free Survival (PFS) assessed by IRC,
NCT05008809,,FIRE-9 - PORT / AIO-KRK-0418,FIRE-9 - PORT,AIO-KRK-0418; 2020-006144-18,"mFOLFOX6; Folinic acid, Oxaliplatin, 5-fluorouracil (FU); mFOLFOXIRI; Folinic acid, Oxaliplatin, 5-FU, Irinotecan; FOLFIRI; Folinic acid, 5-FU; CAPOX; Capecitaine, Oxaliplatin",mfolfox6,Dominik Paul Modest,German Research Foundation; Institut für Klinische Krebsforschung IKF GmbH at Krankenhaus Nordwest,Post-resection/Ablation Chemotherapy in Patients With Metastatic Colorectal Cancer (FIRE-9 - PORT / AIO-KRK-0418),Colorectal Cancer,RECRUITING,2027-11,Progression-free survival (PFS) time,
NCT07234162,,JACKPOT19,DZ2022J0004,,Golidocitinib; Chidamide; Gemcitabine,golidocitinib,Dizal Pharmaceuticals,,A Phase 3 Multinational Study of Golidocitinib Versus Investigator's Choice in r/r PTCL (JACKPOT19),Peripheral T-cell Lymphoma,RECRUITING,2027-11-30,Progression-free survival (PFS) assessed by the Independent Review Committee (IRC) according to Lugano 2014,
NCT02301286,ASPIRIN,,P14.152,,Acetylsalicylic acid; Aspirin,acetylsalicylic acid,Leiden University,Stichting voor Patienten met Kanker aan het Spijsverteringskanaal (SPKS); Dutch Colorectal Cancer Group; Stichting Geriatrische Oncologie Nederland (GeriOnNe); Fonds NutsOhra; Innovatiefonds Zorgverzekeraars,A Trial of Aspirin on Recurrence and Survival in Colon Cancer Patients,Colon Cancer; Adjuvant Therapy,ACTIVE_NOT_RECRUITING,2027-12,5 year overall survival,
NCT06158841,CERVINO,,M22-574,2023-506668-15-00,Etentamig; ABBV-383; Carfilzomib; Pomalidomide; Elotuzumab; Selinexor; Bortezomib; Dexamethasone,etentamig,AbbVie,,Study Assessing Activity of Intravenous (IV) Etentamig Monotherapy Versus Standard Available Therapies in Adult Participants With Relapsed or Refractory Multiple Myeloma,Multiple Myeloma,ACTIVE_NOT_RECRUITING,2027-12,Progression Free Survival (PFS) | Objective Response Rate (ORR),
NCT07138209,,,QLS32015-301,,QLS32015; Pomalidomide; Selinexor; Dexamethasone,qls32015,"Qilu Pharmaceutical Co., Ltd.",,"A Study Comparing QLS32015 Monotherapy Versus Pomalidomide, Dexamethasone (Pd) or Selinexor, Dexamethasone (Sd) in Participants With Relapsed or Refractory Multiple Myeloma",Relapsed or Refractory Multiple Myeloma,RECRUITING,2027-12,Progression-free Survival (PFS),
NCT06881784,RASolve 301,,RMC-6236-301,,daraxonrasib; docetaxel,daraxonrasib,"Revolution Medicines, Inc.",,Study of Daraxonrasib (RMC-6236) in Patients With RAS Mutated NSCLC (RASolve 301),NSCLC (Non-small Cell Lung Cancer); Non-Small Cell Lung Cancer; NSCLC; NSCLC (Non-small Cell Lung Carcinoma); NSCLC (Advanced Non-small Cell Lung Cancer),RECRUITING,2027-12-01,Progression free survival (PFS) per Blinded Independent Central Review (BICR) in the RAS G12X-C population (i.e RAS G12X excluding G12C) | Overall survival (OS) in the RAS G12X-C population,
NCT03464305,ASPIRIN,,BE 2017-001397-41,,acetylsalicylic acid,acetylsalicylic acid,"University Hospital, Antwerp",Kom Op Tegen Kanker; Anticancerfund,ASPIRIN Trial Belgium,Colon Cancer,ACTIVE_NOT_RECRUITING,2027-12-31,5 year overall survival,
