nct,acronym,title,scored_endpoint
NCT00268476,STAMPEDE,Systemic Therapy in Advancing or Metastatic Prostate Cancer: Evaluation of Drug Efficacy,Overall survival
NCT02416388,BIG-1,"Study to Improve OS in 18 to 60 Year-old Patients, Comparing Daunorubicin Versus High Dose Idarubicin Induction Regimens, High Dose Versus Intermediate Dose Cytarabine Consolidation Regimens, and Standard Versus MMF Prophylaxis of GvHD in Allografted Patients in First CR",Overall survival
NCT02912559,,Combination Chemotherapy With or Without Atezolizumab in Treating Patients With Stage III Colon Cancer and Deficient DNA Mismatch Repair,Disease Free Survival (DFS)
NCT03377491,,"Effect of Tumor Treating Fields (TTFields, 150 kHz) as Front-Line Treatment of Locally-advanced Pancreatic Adenocarcinoma Concomitant With Gemcitabine and Nab-paclitaxel (PANOVA-3)",Overall Survival of Subjects Treated With TTFields Concomitant With Gemcitabine and Nab-paclitaxel vs Chemotherapy Alone
NCT03520686,,Nogapendekin Alfa Inbakicept for Advanced Non-Small Cell Lung Cancer,Progression Free Survival (PFS)
NCT03528694,POTOMAC,Assessment of Efficacy and Safety of Durvalumab Plus BCG Compared to the Standard Therapy With BCG in Non-muscle Invasive Bladder Cancer,The efficacy of Durvalumab + BCG (induction plus maintenance) combination therapy compared to SoC in terms of Disease free survival (DFS) in patients with NMIBC
NCT03851640,,A Trial Evaluating the Efficacy and Safety of HC-1119 Soft Capsules in Patients with Metastatic Castration-Resistant Prostate Cancer (mCRPC).,Radiographic Progression-Free Survival (rPFS)
NCT04158440,,Phase III Study of Toripalimab Versus Placebo Plus Chemotherapy in Resectable NSCLC,EFS in stage III population evaluated by investigators
NCT04161885,VIALE-T,A Study Evaluating Safety and Efficacy of Venetoclax in Combination With Azacitidine Versus Standard of Care After Allogeneic Stem Cell Transplantation (SCT) in Participants With Acute Myeloid Leukemia (AML),Overall Survival (OS) (Part 2)
NCT04182204,POLARGO,"A Study to Evaluate the Safety and Efficacy of Polatuzumab Vedotin in Combination With Rituximab, Gemcitabine and Oxaliplatin Compared to Rituximab, Gemcitabine and Oxaliplatin Alone in Participants With Relapsed or Refractory Diffuse Large B-Cell Lymphoma",Stage 2: Overall Survival (OS)
NCT04246177,,Safety and Efficacy of Lenvatinib (E7080/MK-7902) With Pembrolizumab (MK-3475) in Combination With Transarterial Chemoembolization (TACE) in Participants With Incurable/Non-metastatic Hepatocellular Carcinoma (MK-7902-012/E7080-G000-318/LEAP-012),Progression Free Survival (PFS) Per Response Evaluation Criteria in Solid Tumors Version 1.1 (RECIST 1.1) as Assessed by Blinded Independent Central Review (BICR)
NCT04475939,ZEAL-1L,Placebo-controlled Study Comparing Niraparib Plus Pembrolizumab Versus Placebo Plus Pembrolizumab as Maintenance Therapy in Participants With Advanced/Metastatic Non-Small Cell Lung Cancer,Progression-free Survival (PFS) Assessed by Blinded Independent Central Review (BICR) - Complete and Partial Response (CR/PR) Population
NCT04497844,AMPLITUDE,A Study of Niraparib in Combination With Abiraterone Acetate and Prednisone Versus Abiraterone Acetate and Prednisone for the Treatment of Participants With Deleterious Germline or Somatic Homologous Recombination Repair (HRR) Gene-MutatedProstatic Neoplasms (mCSPC),Breast Cancer Gene (BRCA) Subgroup: Radiographic Progression-free Survival (rPFS) Assessed by Investigator
NCT04578613,,ICP-022 Versus Chlorambucil Combined With Rituximab in the Treatment of Untreated CLL/SLL,Progression Free Survival (PFS)
NCT04650581,FINER,Fulvestrant and Ipatasertib for Advanced HER-2 Negative and Estrogen Receptor Positive (ER+) Breast Cancer Following Progression on First Line CDK 4/6 Inhibitor and Aromatase Inhibitor,Number of Participants With Progression-free Survival (PFS) Using RECIST 1.1
NCT04650984,FIBROSARC,A Study Comparing the Efficacy of L19TNF+Doxorubicin vs Doxorubicin Alone as First-line Therapy in Patients With Advanced or Metastatic Soft Tissue Sarcoma,Median Progression free survival (mPFS)
NCT04655976,COSTAR Lung,Efficacy Comparison of Cobolimab + Dostarlimab + Docetaxel to Dostarlimab + Docetaxel to Docetaxel Alone in Participants With Advanced Non-small Cell Lung Cancer Who Have Progressed on Prior Anti-PD-(L)1 Therapy and Chemotherapy,Overall Survival (OS) (Arm A Versus Arm C)
NCT04765059,COMPEL,A Study to Evaluate Chemotherapy Plus Osimertinib Against Chemotherapy Plus Placebo in Patients With Non-small Cell Lung Cancer (NSCLC),Progression Free Survival (PFS)
NCT04793958,,Phase 3 Study of MRTX849 With Cetuximab vs Chemotherapy in Patients With Advanced Colorectal Cancer With KRAS G12C Mutation (KRYSTAL-10),Overall Survival (OS)
NCT04833114,Pola-R-ICE,"Polatuzumab Vedotin Plus Rituximab, Ifosfamide, Carboplatin and Etoposide (Pola-R-ICE) Versus R-ICE Alone in Second Line Treatment of Diffuse Large B-cell Lymphoma (DLBCL)",Assessment of the event-free survival of patients with DLBCL at first progression and the occurrence of any of the following events:
NCT04940052,,"Study of Efficacy and Safety of Dabrafenib in Combination With Trametinib in Previously Treated Patients With Metastatic, Radio-active Iodine Refractory BRAF V600E Mutation Positive Differentiated Thyroid Cancer",Progression Free Survival (PFS)
NCT04965493,BRUIN CLL-322,A Trial of Pirtobrutinib (LOXO-305) Plus Venetoclax and Rituximab (PVR) Versus Venetoclax and Rituximab (VR) in Previously Treated Chronic Lymphocytic Leukemia/Small Lymphocytic Lymphoma (CLL/SLL),To evaluate progression-free survival (PFS) of pirtobrutinib plus venetoclax and rituximab (Arm A) compared to venetoclax and rituximab (Arm B)
NCT04987203,,Study to Compare Tivozanib in Combination With Nivolumab to Tivozanib Monotherapy in Subjects With Renal Cell Carcinoma,Progression free survival
NCT05002569,RELATIVITY-098,A Study to Assess Adjuvant Immunotherapy With Nivolumab Plus Relatlimab Versus Nivolumab Alone After Complete Resection of Stage III-IV Melanoma,Recurrence Free Survival (RFS)
NCT05008783,,A Study of AK104 in the First-line Treatment of Locally Advanced Unresectable or Metastatic G/GEJ Adenocarcinoma,Overall Survival (os)
NCT05118776,,Study to Evaluate the Safety and Efficacy of ASC40 Tablets in Combination With Bevacizumab in Subjects With rGBM,Progression-free survival
NCT05132582,HER2CLIMB-05,A Study of Tucatinib or Placebo With Trastuzumab and Pertuzumab for Metastatic HER2+ Breast Cancer,Progression-Free Survival (PFS) as Assessed by Investigator Per Response Evaluation Criteria in Solid Tumors (RECIST) Version (v) 1.1
NCT05144854,,A Study to Evaluate the Efficacy and Safety of ONO-4538 in Combination With Ipilimumab and Chemotherapy in Chemotherapy-naïve Participants With HER2-negative Unresectable Advanced or Recurrent Gastric Cancer (Including Esophagogastric Junction Cancer),Overall survival (OS)
NCT05153239,,Clinical Trial of Lurbinectedin as Single-agent or in Combination With Irinotecan Versus Topotecan or Irinotecan in Patients With Relapsed Small-cell Lung Cancer (LAGOON),Overall survival
NCT05198934,CodeBreak300,Sotorasib and Panitumumab Versus Investigator's Choice for Participants With Kirsten Rat Sarcoma (KRAS) p.G12C Mutation,Progression-free Survival (PFS) Per Response Evaluation Criteria in Solid Tumors (RECIST) Version 1.1 as Assessed by BICR
NCT05211895,PACIFIC-8,A Global Study to Assess the Effects of Durvalumab + Domvanalimab Following Concurrent Chemoradiation in Participants With Stage III Unresectable NSCLC,Progression Free Survival (PFS)
NCT05501886,VIKTORIA-1,Gedatolisib Plus Fulvestrant With or Without Palbociclib vs Standard-of-Care for the Treatment of Patients With Advanced or Metastatic HR+/HER2- Breast Cancer (VIKTORIA-1),Progression Free Survival (PFS) in Patients with PIK3CA WT and PIK3CA MT Breast Cancer
NCT05549037,LungTIME-C01,Effect of Time-of-Day (ToD) for Immunochemotherapy on PFS in NSCLC,Progression-free survival (PFS)
NCT05552976,SUCCESSOR-2,A Study to Evaluate Mezigdomide in Combination With Carfilzomib and Dexamethasone (MeziKD) Versus Carfilzomib and Dexamethasone (Kd) in Participants With Relapsed or Refractory Multiple Myeloma (SUCCESSOR-2),Progression-free Survival (PFS)
NCT05568095,STAR-221,"A Clinical Trial of a New Combination Treatment, Domvanalimab and Zimberelimab, Plus Chemotherapy, for People With an Upper Gastrointestinal Tract Cancer That Cannot be Removed With Surgery That Has Spread to Other Parts of the Body",Overall survival
NCT05611931,XPORT-EC-042,"Selinexor in Maintenance Therapy After Systemic Therapy for Participants With p53 Wild-Type, Advanced or Recurrent Endometrial Carcinoma",Investigator assessed Progression Free Survival (PFS) per RECIST v1.1
NCT05668988,,A Study of DZD9008 Versus Platinum-Based Doublet Chemotherapy in Local Advanced or Metastatic Non-small Cell Lung Cancer (WU-KONG28),Progression Free Survival (PFS) as assessed by Blinded Independent Central Review (BICR) per RECIST 1.1
NCT06208150,MonumenTAL-6,"A Study Comparing Talquetamab Plus Pomalidomide, Talquetamab Plus Teclistamab, and Elotuzumab, Pomalidomide, and Dexamethasone or Pomalidomide, Bortezomib, and Dexamethasone in Participants With Relapsed or Refractory Myeloma Who Have Received an Anti-CD38 Antibody and Lenalidomide",Progression Free Survival (PFS)
NCT06313086,,DP303c Versus Trastuzumab Emtansine in in Patients With HER2-positive Advanced Breast Cancer,Progression-free survival (PFS) by BIRC
NCT06396065,,Phase III Study of AK112 for NSCLC Patients,Progression-free survival (PFS)
NCT06497556,Krascendo 1,A Study Evaluating the Efficacy and Safety of Divarasib Versus Sotorasib or Adagrasib in Participants With Previously Treated KRAS G12C-positive Advanced or Metastatic Non-Small Cell Lung Cancer,Progression-Free Survival (PFS)
NCT06498479,,ARTEMIS-008：HS-20093 Compared With Topotecan in Subjects With Relapsed Small Cell Lung Cancer,Overall survival
NCT06569420,,Study Of Comparing SAF-189s With Crizotinib In First Line ALK-Positive Advanced and Metastatic NSCLC,Progression-free survival (PFS) by IRC
NCT06781073,,"Nimotuzumab in Combined With Chemotherapy for Treatment of IVB Stage,Rrecurrent or Persistent Cervical Carcinoma",Overall Survival (OS)
NCT06790966,VERSATILE-003,Phase 3 Study of PDS0101 and Pembrolizumab in HPV16+ Recurrent/Metastatic Head and Neck Squamous Cell Carcinoma,Overall Survival (OS)
NCT06935409,,Study of HS-20093 Versus Gemcitabine in Combination With Docetaxel in Treatment of Osteosarcoma After Previous Second-line Treatment Failure,PFS assessed by IRC as per RECIST 1.1 criteria
