nct,acronym,org_study_id,brief_title,lead_sponsor,collaborators,status,enrollment,primary_completion_date,primary_completion_type,primary_outcomes,n_primary_outcomes,interventions,conditions,has_results,results_first_posted,why_rechecked,first_traced_in,first_trace_disclosed,first_trace_first_disclosure_date,first_trace_first_source_url,first_trace_primary_result,first_trace_which_endpoint,first_trace_hr_value,first_trace_hr_first_public_date,first_trace_search_notes,first_trace_confidence
NCT03912415,FERMATA,BCD-100-5,Efficacy and Safety of BCD-100 (Anti-PD-1) in Combination With Platinum-Based Chemotherapy With and Without Bevacizumab as First-Line Treatment of Subjects With Advanced Cervical Cancer (FERMATA),Biocad,,UNKNOWN,316,2024-12-01,ESTIMATED,Overall Survival (OS),1,BIOLOGICAL: BCD-100; BIOLOGICAL: Bevacizumab; DRUG: Paclitaxel; DRUG: Cisplatin (or Carboplatin); OTHER: Placebo,Cervical Cancer,False,,first trace of low confidence,trace_D2,no,,,,,,,"FERMATA (BCD-100 is prolgolimab): no result found. One web search (acronym, BCD-100-5, prolgolimab cervical), PubMed (no hits for prolgolimab cervical cancer), Crossref (only the phase 2 CAESURA abstract, ASCO 2023) and the Biocad trial page (ct.biocad.ru, no status or results). Registry not updated since Sept 2020 (status unknown). Biocad news site is script-rendered and was not readable; Russian-language press not searched (web search budget ran out), so a Russian-only disclosure cannot be ruled out.",low
NCT04716114,ALIVE,HA114-CSP-003,A Study of SKLB1028 Versus Salvage Chemotherapy in Patients With Relapsed or Refractory (R/R) AML With FLT3-Mutated,"CSPC ZhongQi Pharmaceutical Technology Co., Ltd.",,UNKNOWN,315,2025-12,ESTIMATED,Interim analysis: CR/CRh rate in the experimental group. | The final analysis: Overall Survival(OS),2,DRUG: SKLB1028; DRUG: Salvage Chemotherapy,Acute Myeloid Leukemia (AML),False,,first trace of low confidence; result in doubt,trace_B,unclear,,,,,,,"CSPC SKLB1028 (ruserontinib) ALIVE: registry stale since Nov 2021 (status UNKNOWN); English and Chinese searches and a drug news tracker show no interim CR/CRh or OS result, filing or termination notice. Nothing public located.",low
NCT05901935,,SYSA1501-007,DP303c in Patients With HER2-positive Advanced Breast Cancer,"CSPC ZhongQi Pharmaceutical Technology Co., Ltd.",,NOT_YET_RECRUITING,420,2026-01,ESTIMATED,Progression-free survival (PFS) by BIRC,1,DRUG: DP303c; DRUG: Trastuzumab; DRUG: Vinorelbine Tartrate; DRUG: Capecitabine tablets,HER2-positive Advanced Breast Cancer,False,,first trace of low confidence,trace_B,no,,,,,,,"CSPC DP303c vs trastuzumab+chemo: registry still NOT_YET_RECRUITING and unchanged since Jun 2023; the programme appears to have moved to a different phase 3 (vs T-DM1, NCT06313086). No result found; the trial may never have enrolled.",low
NCT06182592,,HC1702-004,A Bridging Study of Liposomal Cytarabine-Daunorubicin in Treating Olderly Patients With Treatment-naive High-Risk (Secondary) Acute Myeloid Leukemia,"CSPC Zhongnuo Pharmaceutical (Shijiazhuang) Co., Ltd.",,UNKNOWN,120,2026-02,ESTIMATED,Overall Survival (OS),1,DRUG: Liposomal cytarabine-daunorubicin for injection; DRUG: 7+3 (cytarabine and daunorubicin),High-risk (Secondary) Acute Myeloid Leukemia,False,,first trace of low confidence,trace_D6,no,,,,,,,"HC1702-004 (CSPC liposomal cytarabine-daunorubicin bridging study vs 7+3, OS primary). No result found: PubMed, Crossref, CSPC HKEX announcement titles Dec 2023 to Oct 2026 (none names the product), and CSPC results documents read. The 2025 interim and annual results say only that 'In April 2025, the database lock was completed for bioequivalence clinical trials conducted in China' for this product in untreated elderly AML, with no outcome; whether that refers to this study is not clear. Registry status unknown, not updated since Dec 2023. Non-inferiority-style bridging design: flag for exclusion review.",low
NCT06241755,,KN-BCG-III,Clinical Trial for Evaluating the Efficacy and Safety of BCG for Therapeutic Use in the Prevention of Postoperative Recurrence of Medium/High-risk Non-muscle Invasive Bladder Cancer (NMIBC),"Chengdu CoenBiotech Co., Ltd",Sun Yat-Sen Memorial Hospital of Sun Yat-Sen University,UNKNOWN,412,2025-09-01,ESTIMATED,1-year recurrence-free survival (1-year RFS%):,1,DRUG: BCG for Therapeutic Use; DRUG: BCG for Therapeutic Use,Non-Muscle Invasive Bladder Cancer,False,,first trace of low confidence,trace_D6,no,,,,,,,"KN-BCG-III (Chengdu CoenBiotech BCG, NMIBC). No result found by NCT in PubMed; registry status unknown, not updated since Feb 2024, primary endpoint is 1-year RFS so the 2025-09 estimate may be optimistic. The sponsor is a small unlisted company. Light search: no web search was possible for this row; Chinese-language sources, CDE and the sponsor's site were not searched.",low
NCT06469879,,TQB2450-ALTN-III-01,A Clinical Study of TQB2450 Combined With Anlotinib in Limited-Stage Small Cell Lung Cancer Patients,"Chia Tai Tianqing Pharmaceutical Group Co., Ltd.",,UNKNOWN,358,2026-09,ESTIMATED,Progression-free survival (PFS) evaluated by the Independent Review Committee (IRC),1,DRUG: TQB2450+Anlotinib; DRUG: TQB2450 placebo + Anlotinib placebo,Small Cell Lung Cancer Limited Stage,False,,first trace of low confidence,trace_B,no,,,,,,,"Chia Tai Tianqing TQB2450 (benmelstobart) + anlotinib after chemoradiotherapy in limited-stage SCLC: registry status UNKNOWN (last update Jul 2024, estimated PCD Sep 2026); searches return only the earlier phase 1b and readouts of other benmelstobart phase 3 trials in NSCLC, which are easy to confuse with this one.",low
NCT03391934,,CET.CIN.HR.96 (III),Comparing Efficacy and Safety of Cetuximab (CinnaGen) Versus Erbitux® (Merck) in Metastatic Colorectal Cancer,Cinnagen,,UNKNOWN,234,2025-11-30,ESTIMATED,Progression Free Survival (PFS),1,DRUG: Cetuximab + FOLFIRI,Metastatic Colorectal Cancer,False,,first trace of low confidence,trace_D3,no,,,,,,,"No result found. PubMed (CinnaGen AND cetuximab; cetuximab biosimilar AND Iran AND colorectal) returns nothing for this trial. Registry stale (status unknown, last update Apr 2023, estimated completion 2025-11-30). Biosimilar equivalence design, to be reviewed for exclusion. No general web search, Persian-language search or Iranian registry (IRCT) check was run (budget exhausted).",low
NCT04704934,,DS8201-A-U306,Trastuzumab Deruxtecan for Subjects With HER2-Positive Gastric Cancer or Gastro-Esophageal Junction Adenocarcinoma After Progression on or After a Trastuzumab-Containing Regimen (DESTINY-Gastric04),Daiichi Sankyo,AstraZeneca,ACTIVE_NOT_RECRUITING,490,2026-08-31,ESTIMATED,Overall Survival in Participants Who Were Administered Trastuzumab Deruxtecan Compared With Ramucirumab in Combination With Paclitaxel,1,DRUG: Trastuzumab deruxtecan; DRUG: Ramucirumab; DRUG: Paclitaxel,"Gastric Cancer, Adenocarcinoma; Gastroesophageal Junction Adenocarcinoma",False,,a model gave the right result with a date well before the traced one,trace_A,yes,2025-03-03,https://daiichisankyo.us/documents/d/dsi/20250303_e,met,OS,0.70,2025-05-31,"Daiichi Sankyo / AstraZeneca release of 3 Mar 2025: DESTINY-Gastric04 met OS at a planned interim analysis and was unblinded, no numbers. HR first public on 31 May 2025 (ASCO LBA and simultaneous NEJM). Registry still carries an estimated primary completion of 2026-08-31, 18 months after the readout.",high
NCT05668988,,DZ2022E0005,A Study of DZD9008 Versus Platinum-Based Doublet Chemotherapy in Local Advanced or Metastatic Non-small Cell Lung Cancer (WU-KONG28),Dizal Pharmaceuticals,,ACTIVE_NOT_RECRUITING,324,2026-01-16,ACTUAL,Progression Free Survival (PFS) as assessed by Blinded Independent Central Review (BICR) per RECIST 1.1,1,DRUG: sunvozertinib; DRUG: Pemetrexed+carboplatin,Non-small Cell Lung Cancer,False,,a model gave the right result with a date well before the traced one,trace_A,yes,2026-03-21,https://www.utusan.com.my/pr-newswire-en/2026/03/dizal-announces-positive-topline-phase-3-results-from-wu-kong28-study-evaluating-oral-once-daily-zegfrovy-sunvozertinib-vs-platinum-containing-chemo-doublet-in-first-line-non-small-cell-lun/,met,PFS by BICR,0.65,2026-05-29,"Dizal PR Newswire topline release datelined Shanghai 21 Mar 2026 (read via a syndicated copy): WU-KONG28 met PFS, no numbers. HR first public on 29 May 2026 with ASCO 2026 LBA8500 and simultaneous NEJM paper. Registry uses code name DZD9008.",high
NCT05566041,REPLATINUM,EpicentRx,"A Phase 3, Controlled, Open-label, Global Randomized Study of RRx-001 With a Platinum Doublet or a Platinum Doublet in Small Cell Lung Cancer","EpicentRx, Inc.","Sciclone Pharmaceuticals (China) Co., Ltd.",ACTIVE_NOT_RECRUITING,292,2025-12-31,ESTIMATED,Progression Free Survival (PFS) and Overall Survival (OS),1,DRUG: RRx-001 + eLOOP Device; DRUG: Cisplatin/carboplatin plus etoposide,"Carcinoma, Small Cell Lung",False,,first trace of low confidence,trace_B,no,,,,,,,"EpicentRx (private) REPLATINUM, RRx-001/nibrozetone: registry last updated Oct 2024, estimated PCD 31 Dec 2025; no topline release, abstract or posted result found by acronym, drug names or NCT number.",low
NCT04475939,ZEAL-1L,213400,Placebo-controlled Study Comparing Niraparib Plus Pembrolizumab Versus Placebo Plus Pembrolizumab as Maintenance Therapy in Participants With Advanced/Metastatic Non-Small Cell Lung Cancer,GlaxoSmithKline,,COMPLETED,666,2025-02-26,ACTUAL,Progression-free Survival (PFS) Assessed by Blinded Independent Central Review (BICR) - Complete and Partial Response (CR/PR) Population,1,DRUG: Niraparib; BIOLOGICAL: Pembrolizumab; DRUG: Placebo,"Lung Cancer, Non-Small Cell",True,2026-05-01,a model gave the right result with a date well before the traced one,trace_A,yes,2025-04-30,https://www.gsk.com/media/lwfjtr0d/q1-2025-results-announcement.pdf,not_met,PFS by BICR (CR/PR population),1.00,2026-05-01,"Disclosed only as two sentences inside the GSK Q1 2025 results announcement of 30 Apr 2025 (""In April 2025, results showed that ZEAL-1L did not meet its primary endpoint of PFS""); no stand-alone press release found. First numeric HR found is the ClinicalTrials.gov results posting of 2026-05-01; journal paper followed (J Thorac Oncol, epub 2026-07-10). No conference presentation found.",high
NCT05518318,,GLS-010-31,GLS-010 Monotherapy Versus Chemotherapy in Patients With Relapsed or Refractory Classical Hodgkin's Lymphoma (R/R cHL),"Guangzhou Gloria Biosciences Co., Ltd.",,UNKNOWN,60,2025-06,ESTIMATED,Progression Free Survival (PFS) assessed by Independent Radiologic Review Committee (IRRC) per Lugano Classification 2014,1,DRUG: GLS-010; DRUG: Chemotherapy of Investigator's choice,Classic Hodgkin's Lymphoma; Recurrent Classic Hodgkin Lymphoma; Refractory Classic Hodgkin Lymphoma,False,,first trace of low confidence,trace_D4,no,,,,,,,"No result found by NCT, GLS-010-31 or zimberelimab vs chemotherapy in relapsed/refractory classical Hodgkin lymphoma (English and Chinese web search, PubMed). Small confirmatory trial (60 planned); registry never updated since Aug 2022 (not yet recruiting / unknown). Sponsor website not reachable.",low
NCT03456063,,GO40241,"A Study of Neoadjuvant Atezolizumab Plus Chemotherapy Versus Placebo Plus Chemotherapy in Patients With Resectable Stage II, IIIA, or Select IIIB Non-Small Cell Lung Cancer (IMpower030)",Hoffmann-La Roche,,COMPLETED,453,2025-10-01,ACTUAL,Independent Review Facility (IRF)-Assessed Event Free Survival (EFS),1,"DRUG: Atezolizumab (MPDL3280A), an engineered anti-PD-L1 antibody; DRUG: Placebo Comparator; DRUG: Nab-paclitaxel; DRUG: Pemetrexed; DRUG: Carboplatin; DRUG: Cisplatin; DRUG: Gemcitabine",Non-Small-Cell Lung,False,,a model gave the right result with a date well before the traced one,trace_C1,yes,2026-01-29,https://assets.roche.com/f/176343/x/b26656352f/pharmaq425.pdf,not_met,"EFS by IRF (stage IIB-IIIB, EGFR/ALK wild-type)",0.77,2026-09-12,"CORRECTED 2026-10-08 after a second check: Roche's FY2025 pipeline document (status as of 2026-01-29) states 'Study did not meet primary endpoint Q4 2025' for IMpower030 and lists it as removed from phase III; that is the first disclosure. The conference presentation of 2026-09-12 was the first data, not the first disclosure. Earlier note: IMpower030 final analysis, WCLC 2026 oral OA04.03 (Seoul, 12 Sep 2026): median EFS 62.8 vs 34.9 mo, not statistically significant; OncLive, News-Medical and ASCO Post coverage opened, none gives the HR. HR 0.77 (0.58-1.02), p=0.07 was seen ONLY in a search summary of a paywalled Cancer Therapy Advisor report (HTTP 402, not opened). No Roche release found; trial is in the Roche HY2025 pipeline PDF with no result and absent from the HY2026 one, so a silent pipeline removal may predate WCLC.",medium
NCT04182204,POLARGO,MO40598,"A Study to Evaluate the Safety and Efficacy of Polatuzumab Vedotin in Combination With Rituximab, Gemcitabine and Oxaliplatin Compared to Rituximab, Gemcitabine and Oxaliplatin Alone in Participants With Relapsed or Refractory Diffuse Large B-Cell Lymphoma",Hoffmann-La Roche,,COMPLETED,270,2024-11-29,ACTUAL,Stage 1: Number of Participants With Adverse Events (AEs) | Stage 1: Number of Participants With Peripheral Neuropathy (PN) | Stage 2: Overall Survival (OS),3,DRUG: Polatuzumab Vedotin; DRUG: Rituximab; DRUG: Gemcitabine; DRUG: Oxaliplatin,Diffuse Large B-Cell Lymphoma,True,2025-12-22,a model gave the right result with a date well before the traced one,trace_B,yes,2025-06-14,https://www.ajmc.com/view/phase-3-polargo-trial-shows-survival-benefit-of-polatuzumab-based-regimen-in-r-r-dlbcl-matthew-matasar-md,met,OS,0.60,2025-06-14,"No Roche topline release found; Roche Q1 2025 slides (24 Apr 2025) only said ""data update at upcoming congress"". Earliest dated source opened is EHA 2025 coverage of 14 Jun 2025 (abstract S101); the talk may have been 13 Jun and the abstract text may have been online from mid-May 2025, which I could not verify.",medium
