nct,acronym,org_study_id,brief_title,lead_sponsor,collaborators,status,enrollment,primary_completion_date,primary_completion_type,primary_outcomes,n_primary_outcomes,interventions,conditions,has_results,results_first_posted
NCT04493853,CAPItello-281,D361BC00001,Capivasertib+Abiraterone as Treatment for Patients With Metastatic Hormone-sensitive Prostate Cancer and PTEN Deficiency,AstraZeneca,,ACTIVE_NOT_RECRUITING,1012,2024-10-07,ACTUAL,Radiographic Progression-free Survival (rPFS),1,DRUG: Capivasertib; OTHER: Placebo; DRUG: Abiraterone Acetate,Hormone-Sensitive Prostate Cancer,True,2026-09-10
NCT05919381,,Gensci043-GC-III01,Gentuximab Combined With Paclitaxel Compared With Placebo Combined With Paclitaxel for Gastric Adenocarcinoma.,"Changchun GeneScience Pharmaceutical Co., Ltd.",,UNKNOWN,752,2024-12,ESTIMATED,OS,1,DRUG: Gentuximab Injection; DRUG: Gentuximab Injection Placebo,Adenocarcinoma of Stomach,False,
NCT04578613,,ICP-CL-00111,ICP-022 Versus Chlorambucil Combined With Rituximab in the Treatment of Untreated CLL/SLL,"Beijing InnoCare Pharma Tech Co., Ltd.",,UNKNOWN,218,2024-12-30,ESTIMATED,Progression Free Survival (PFS),1,DRUG: ICP-022; DRUG: Chlorambucil; DRUG: Rituximab,Chronic Lymphocytic Leukemia; Small Lymphocytic Lymphoma,False,
NCT04233151,,QL1203-003,QL1203 In Combination With Chemotherapy for Metastatic Colorectal Cancer to Determine Efficacy and Safety,"Qilu Pharmaceutical Co., Ltd.",,UNKNOWN,590,2024-12-31,ESTIMATED,Progression-free Survival（PFS）,1,DRUG: QL1203; DRUG: Placebo; DRUG: mFOLFOX6 regimen,Metastatic Colorectal Cancer,False,
NCT05092360,ARTISTRY-7,ALKS 4230-007,Phase 3 Study of Nemvaleukin Alfa in Combination With Pembrolizumab in Patients With Platinum-Resistant Epithelial Ovarian Cancer (ARTISTRY-7),"Mural Oncology, Inc",Merck Sharp & Dohme LLC,TERMINATED,456,2025-01-08,ACTUAL,Overall Survival (OS),1,BIOLOGICAL: Nemvaleukin and Pembrolizumab Combination; BIOLOGICAL: Pembrolizumab; BIOLOGICAL: Nemvaleukin; DRUG: Pegylated Liposomal Doxorubicin (PLD); DRUG: Paclitaxel; DRUG: Topotecan; DRUG: Gemcitabine,Platinum-resistant Ovarian Cancer; Fallopian Tube Cancer; Primary Peritoneal Cancer,True,2025-08-28
NCT05171647,SUNMO,GO43643,A Study Evaluating Efficacy and Safety of Mosunetuzumab in Combination With Polatuzumab Vedotin Compared to Rituximab in Combination With Gemcitabine Plus Oxaliplatin in Participants With Relapsed or Refractory Aggressive B-Cell Non-Hodgkin's Lymphoma,Hoffmann-La Roche,,ACTIVE_NOT_RECRUITING,208,2025-02-17,ACTUAL,"Objective Response Rate (ORR) as Determined by the Independent Review Facility (IRF), According to Lugano Response Criteria 2014 (LRC) Using Positron Emission Tomography-computed Tomography (PET-CT) or CT Scans in Interim Analysis Population (IAP) | Progression-free Survival (PFS) as Determined by the IRF, According to LRC Using PET-CT or CT Scans",2,DRUG: Mosunetuzumab; DRUG: Polatuzumab vedotin; DRUG: Tocilizumab; DRUG: Rituximab; DRUG: Gemcitabine; DRUG: Oxaliplatin,Non-Hodgkin Lymphoma,True,2026-03-06
NCT04607421,,C4221015,A Study of Encorafenib Plus Cetuximab With or Without Chemotherapy in People With Previously Untreated Metastatic Colorectal Cancer,Pfizer,"Ono Pharmaceutical Co., Ltd.; Merck KGaA, Darmstadt, Germany; Eli Lilly and Company",ACTIVE_NOT_RECRUITING,841,2025-03-01,ACTUAL,SLI: Number of Participants With Dose Limiting Toxicity (DLTs) | Phase 3: Progression Free Survival (PFS) as Assessed by Blinded Independent Central Review (BICR) for Arm B vs Arm C - FAS | Phase 3: Objective Response Rate (ORR) as Assessed by BICR for Arm B vs Arm C - FAS ORR Subset | Cohort 3: ORR as Assessed by BICR for Arm D vs Arm E - FAS,4,DRUG: Encorafenib; DRUG: Cetuximab; DRUG: Oxaliplatin; DRUG: Irinotecan; DRUG: Leucovorin; DRUG: 5-FU; DRUG: Capecitabine; DRUG: Bevacizumab,Neoplasms,True,2026-06-11
NCT05257408,,CORT125134-556,"Relacorilant in Combination With Nab-Paclitaxel in Advanced, Platinum-Resistant, High-Grade Epithelial Ovarian, Primary Peritoneal, or Fallopian-Tube Cancer",Corcept Therapeutics,Gynecologic Oncology Group,ACTIVE_NOT_RECRUITING,381,2025-03-31,ACTUAL,Progression-free Survival (PFS) as Assessed by Blinded Independent Central Review (BICR) | Overall Survival,2,DRUG: Relacorilant 150 mg; DRUG: Nab-paclitaxel 80 mg/m^2; DRUG: Nab-paclitaxel 100 mg/m^2,Ovarian Neoplasm; Fallopian Tube Neoplasms; Peritoneal Neoplasms,True,2026-09-25
NCT04949256,,7902-014,Efficacy and Safety of Pembrolizumab (MK-3475) Plus Lenvatinib (E7080/MK-7902) Plus Chemotherapy in Participants With Metastatic Esophageal Carcinoma (MK-7902-014/E7080-G000-320/LEAP-014).,Merck Sharp & Dohme LLC,Eisai Inc.,TERMINATED,863,2025-05-08,ACTUAL,Part 1 (FP and TP Safety Run-in): Number of Participants With Dose Limiting Toxicities (DLTs) | Part 1 (FP and TP Safety Run-in): Number of Participants With Adverse Events (AEs) | Part 1 (FP and TP Safety Run-in): Number of Participants Who Discontinued Study Treatment Due to an AE | Part 2 (Main Study): Overall Survival (OS) in All Participants,4,BIOLOGICAL: Pembrolizumab; DRUG: Lenvatinib; DRUG: Cisplatin; DRUG: 5-FU; DRUG: Oxaliplatin; DRUG: Leucovorin; DRUG: Levoleucovorin; DRUG: Paclitaxel,Metastatic Esophageal Squamous Cell Carcinoma,True,2026-07-20
NCT05155254,,IO102-IO103-013 / KEYNOTE-D18,IO102-IO103 in Combination With Pembrolizumab Versus Pembrolizumab Alone in Advanced Melanoma (IOB-013 / KN-D18),IO Biotech,Syneos Health; Merck Sharp & Dohme LLC,ACTIVE_NOT_RECRUITING,407,2025-05-30,ACTUAL,Progression Free Survival (PFS),1,DRUG: IO102-IO103; DRUG: Pembrolizumab,Metastatic Melanoma; Unresectable Melanoma,False,
NCT03924895,,3475-905,Perioperative Pembrolizumab (MK-3475) Plus Cystectomy or Perioperative Pembrolizumab Plus Enfortumab Vedotin Plus Cystectomy Versus Cystectomy Alone in Participants Who Are Cisplatin-ineligible or Decline Cisplatin With Muscle-invasive Bladder Cancer (MK-3475-905/KEYNOTE-905/EV-303),Merck Sharp & Dohme LLC,"Seagen Inc.; Astellas Pharma Global Development, Inc.",ACTIVE_NOT_RECRUITING,595,2025-06-06,ACTUAL,Event-Free Survival (EFS) Between Arm C: Enfortumab Vedotin + Pembrolizumab + Surgery and Arm B: Surgery Alone,1,DRUG: Pembrolizumab; PROCEDURE: Surgery (radical cystectomy (RC) plus Pelvic Lymph Node Dissection [PLND]); DRUG: Enfortumab Vedotin,"Urinary Bladder Cancer, Muscle-invasive",True,2026-06-30
NCT04964934,SERENA-6,D8534C00001,Phase III Study to Assess AZD9833+ CDK4/6 Inhibitor in HR+/HER2-MBC With Detectable ESR1m Before Progression (SERENA-6),AstraZeneca,,ACTIVE_NOT_RECRUITING,315,2025-06-30,ACTUAL,Progression-free survival (PFS) assessed by the Investigator as defined by response evaluation criteria in solid tumors (RECIST version 1.1),1,DRUG: AZD9833; DRUG: AZD9833 Placebo; DRUG: Anastrozole; DRUG: Anastrozole placebo; DRUG: Letrozole; DRUG: Letrozole placebo; DRUG: Palbociclib; DRUG: Abemaciclib; DRUG: Luteinizing hormone-releasing hormone (LHRH) agonist; DRUG: Ribociclib,ER-Positive HER2-Negative Breast Cancer,False,
NCT05023980,BRUIN-CLL-313,18088,A Study of Pirtobrutinib (LOXO-305) Versus Bendamustine Plus Rituximab (BR) in Untreated Patients With Chronic Lymphocytic Leukemia (CLL)/Small Lymphocytic Lymphoma (SLL),"Loxo Oncology, Inc.",Eli Lilly and Company,ACTIVE_NOT_RECRUITING,282,2025-07-11,ACTUAL,"Arm A Compared to Arm B: Progression-free Survival (PFS), Assessed by Independent Review Committee (IRC)",1,DRUG: Pirtobrutinib; DRUG: Bendamustine; DRUG: Rituximab,Chronic Lymphocytic Leukemia; Small Lymphocytic Lymphoma,True,2026-09-25
NCT05922345,,TQB2450-AL2846-III-01,Evaluation of the Efficacy and Safety of AL2846 Capsule Combined With TQB2450 Injection Compared to Docetaxel Injection in Advanced Non-small Cell Lung Cancer Patients Who Have Failed With Immunotherapy.,"Chia Tai Tianqing Pharmaceutical Group Co., Ltd.",,UNKNOWN,518,2025-08,ESTIMATED,Overall survival (OS),1,"DRUG: TQB2450 injection, docetaxel injection matching placebo, AL2846 capsules; DRUG: TQB2450 placebo, docetaxel injection, AL2846 matching placebo",Non-small Cell Lung Cancer,False,
NCT05015608,SACHI,2020-504-00CH3,Study on Savolitinib Combined With Osimertinib in Treatment of Advanced NSCLC With MET Amplification,Hutchison Medipharma Limited,,COMPLETED,216,2025-08-22,ACTUAL,PFS,1,DRUG: Savolitinib + Osimertinib; DRUG: Pemetrexed + Cisplatin /Carboplatin,Non-small Cell Lung Cancer,False,
NCT06371157,,AK104-308,A Study of AK104+Lenvatinib in Combination With Transarterial Chemoembolization (TACE) Versus TACE in Participants With Incurable/Non-metastatic Hepatocellular Carcinoma,Akeso,,RECRUITING,469,2025-10-25,ESTIMATED,Progression-free Survival (PFS) per Response Evaluation Criteria in Solid Tumors Version 1.1 (RECIST 1.1),1,DRUG: AK104; DRUG: Lenvatinib; PROCEDURE: TACE; OTHER: Placebo for AK104; OTHER: Placebo for Lenvatinib,Hepatocellular Carcinoma,False,
NCT06143553,,SHYZ-ZSCJS-RXⅢ-01,Efficacy and Safety of Paclitaxel Polymeric Micelles for Injection in the Treatment of Metastatic Breast Cancer,"Shanghai Yizhong Pharmaceutical Co., Ltd.",,UNKNOWN,168,2025-12,ESTIMATED,Progression-Free-Survival,1,DRUG: Paclitaxel Polymeric Micelles for Injection; DRUG: Eribulin Mesilate injection; DRUG: Capecitabine Tablets; DRUG: Gemcitabine Hydrochloride for Injection; DRUG: Vinorelbine Tartrate Injection; DRUG: Paclitaxel (albumin-bound),Metastatic Breast Cancer (MBC),False,
NCT04982237,,AK104-303,"A Study of AK104 Plus Platinum-containing Chemotherapy±Bevacizumab as First-line Treatment for Persistent, Recurrent, or Metastatic Cervical Cancer",Akeso,,ACTIVE_NOT_RECRUITING,445,2025-12-30,ESTIMATED,progression-free survival (PFS) assessed by blinded independent central review (BICR) per RECIST v1.1 | overall survival (OS),2,BIOLOGICAL: AK104; DRUG: paclitaxel; DRUG: carboplatin; DRUG: cisplatin; DRUG: bevacizumab; DRUG: Placebo,Cervical Cancer,False,
NCT06265428,,DB-1303-O-3001,A Study to Compare DB-1303/BNT323 Versus T-DM1 in Breast Cancer,DualityBio Inc.,BioNTech SE,ACTIVE_NOT_RECRUITING,228,2026-02,ESTIMATED,Progression Free Survival (PFS) by Blinded Independent Central Review (BICR) assessment per Response Evaluation Criteria in Solid Tumors Version 1.1 (RECIST 1.1),1,DRUG: DB-1303/BNT323; DRUG: T-DM1,HER2-positive Breast Cancer,False,
NCT04342910,,SHR-1210-III-316,Study to Evaluate the Efficacy and Safety of Camrelizumab and Apatinib in Patients With GC/GEJC,"Jiangsu HengRui Medicine Co., Ltd.",,RECRUITING,550,2026-04-01,ESTIMATED,Overall Survival (OS) in PD-L1 Positive Participants.,1,DRUG: camrelizumab; DRUG: Apatinib Mesylate; DRUG: Paclitaxel; DRUG: Irinotecan,Gastric Cancer,False,
NCT06394492,,SHR-A1921-303,SHR-A1921 for Injection in Patients With Platinum-Resistant Recurrent Epithelial Ovarian Cancer,"Suzhou Suncadia Biopharmaceuticals Co., Ltd.",,RECRUITING,440,2026-05-31,ESTIMATED,Progression-free Survival (PFS) assessed by Blinded Independ Review Committee (BIRC) as per RECIST 1.1,1,DRUG: SHR-A1921; DRUG: Doxorubicin; DRUG: Paclitaxel; DRUG: Topotecan,Ovarian Cancer,False,
NCT05943795,,SI-B001-301,A Clinical Study of SI-B001 Combined With Docetaxel in the Treatment of Non-small Cell Lung Adenocarcinoma and Lung Squamous Cell Carcinoma,"Sichuan Baili Pharmaceutical Co., Ltd.",,ACTIVE_NOT_RECRUITING,589,2026-07,ESTIMATED,Overall survival (OS) | Progression-free survival (PFS),2,DRUG: SI-B001; DRUG: Docetaxel,Non-small Cell Lung Adenocarcinoma; Squamous Cell Carcinoma of Lung,False,
NCT06927986,,SYS6010-011,Phase III Trial of SYS6010 Versus Platinum-based Chemotherapy for EGFR-mutated NSCLC（SYNSTAR01）,"CSPC Megalith Biopharmaceutical Co.,Ltd.",,RECRUITING,380,2026-07-30,ESTIMATED,Progression-free survival (PFS) assessed by independent review committee (IRC),1,DRUG: SYS6010; DRUG: Pemetrexed; DRUG: Cisplatin; DRUG: Carboplatin,EGFR-mutated Locally Advanced or Metastatic NSCLC,False,
NCT06382116,,BL-B01D1-301,A Study Comparing BL-B01D1 With Platinum Based Chemotherapy in Patients With Locally Advanced or Metastatic Non-small Cell Lung Cancer(PANKU-Lung01),"Sichuan Baili Pharmaceutical Co., Ltd.","Baili-Bio (Chengdu) Pharmaceutical Co., Ltd.",ACTIVE_NOT_RECRUITING,432,2026-08,ESTIMATED,Progression-free survival (PFS),1,DRUG: BL-B01D1; DRUG: Pemetrexed+Cisplatin or Carboplatin,Non-small Cell Lung Cancer,False,
NCT05552976,SUCCESSOR-2,CA057-008,A Study to Evaluate Mezigdomide in Combination With Carfilzomib and Dexamethasone (MeziKD) Versus Carfilzomib and Dexamethasone (Kd) in Participants With Relapsed or Refractory Multiple Myeloma (SUCCESSOR-2),Bristol-Myers Squibb,,ACTIVE_NOT_RECRUITING,606,2026-09-28,ESTIMATED,Progression-free Survival (PFS),1,DRUG: Mezigdomide; DRUG: Carfilzomib; DRUG: Dexamethasone,Relapsed or Refractory Multiple Myeloma,False,
NCT06300177,,D1553-III-01,D-1553 Tablet Versus Docetaxel Injection for KRAS G12C Mutation-positive Locally Advanced or Metastatic Non-small Cell Lung Cancer After Prior Standard Therapy Failure,"Chia Tai Tianqing Pharmaceutical Group Co., Ltd.",,RECRUITING,522,2026-10,ESTIMATED,Progression-free survival (PFS),1,DRUG: D-1553 Tablet; DRUG: Docetaxel injection,Non Small Cell Lung Cancer,False,
