nct,disclosed,first_disclosure_date,first_source_type,first_source_url,primary_result,which_endpoint,hr_in_first_disclosure,hr_first_public_date,hr_value,hr_ci_low,hr_ci_high,hr_source_url,registry_pcd,registry_pcd_type,lag_days_pcd_to_disclosure,search_notes,confidence
NCT03456063,yes,2026-01-29,other,https://assets.roche.com/f/176343/x/b26656352f/pharmaq425.pdf,not_met,"EFS by IRF (stage IIB-IIIB, EGFR/ALK wild-type)",no,2026-09-12,0.77,0.58,1.02,https://www.cancertherapyadvisor.com/reports/impower030-primary-endpoint-improved-efs-nsclc/,2025-10-01,ACTUAL,120,"CORRECTED 2026-10-08 after a second check: Roche's FY2025 pipeline document (status as of 2026-01-29) states 'Study did not meet primary endpoint Q4 2025' for IMpower030 and lists it as removed from phase III; that is the first disclosure. The conference presentation of 2026-09-12 was the first data, not the first disclosure. Earlier note: IMpower030 final analysis, WCLC 2026 oral OA04.03 (Seoul, 12 Sep 2026): median EFS 62.8 vs 34.9 mo, not statistically significant; OncLive, News-Medical and ASCO Post coverage opened, none gives the HR. HR 0.77 (0.58-1.02), p=0.07 was seen ONLY in a search summary of a paywalled Cancer Therapy Advisor report (HTTP 402, not opened). No Roche release found; trial is in the Roche HY2025 pipeline PDF with no result and absent from the HY2026 one, so a silent pipeline removal may predate WCLC.",medium
NCT03520686,unclear,2026-01-13,press_release,https://www.1stoncology.com/blog/?p=108173,unclear,PFS not reported; ALC change (second registry primary) reported as significant,no,,,,,,2025-10-13,ACTUAL,92,"QUILT-2.023 (N-803/Anktiva): ImmunityBio release of 13 Jan 2026 (company page ir.immunitybio.com/node/11041 timed out; opened a reposted copy) says the primary endpoint was PFS, enrolment closed early (102 enrolled per registry) and lymphocyte count rose significantly (p=0.0065 per search summary of the Business Wire text), but gives no PFS result. Registry: Terminated, no results posted; ApexOnco noted the PFS omission.",medium
NCT04628494,yes,2026-01-16,press_release,https://news.abbvie.com/2026-01-16-AbbVie-Announces-Topline-Results-for-Epcoritamab-DuoBody-R-CD3xCD20-from-Phase-3-EPCORE-R-DLBCL-1-Trial-in-Patients-with-Relapsed-Refractory-Diffuse-Large-B-cell-Lymphoma-DLBCL,not_met,OS,yes,2026-01-16,0.96,0.77,1.20,https://news.abbvie.com/2026-01-16-AbbVie-Announces-Topline-Results-for-Epcoritamab-DuoBody-R-CD3xCD20-from-Phase-3-EPCORE-R-DLBCL-1-Trial-in-Patients-with-Relapsed-Refractory-Diffuse-Large-B-cell-Lymphoma-DLBCL,2025-10-13,ACTUAL,95,"EPCORE DLBCL-1: Genmab / AbbVie topline of 16 Jan 2026 (AbbVie copy and a MarketScreener copy of the Genmab announcement opened): OS not significant, PFS improved (HR 0.74, 0.60-0.92). OS is the registry primary and sole US primary; PFS and OS were dual primaries outside the US (OncLive 24 Jul 2026). Full data at EHA 2026 (S235, 12 Jun 2026).",high
NCT07226752,no,,,,,,no,,,,,,2025-10-13,ACTUAL,,"China sub-study of GCT3013-05 (72 patients, registered separately in 2025). Searched NCT, GCT3013-05 sub-study, epcoritamab China, Genmab and AbbVie releases: the 16 Jan 2026 topline and EHA 2026 data describe only the 483-patient global trial and no China-specific OS result was found. Registry: active, not recruiting, no results.",medium
NCT05144854,yes,2026-05-27,conference,https://doi.org/10.1200/JCO.2026.44.16_suppl.4006,not_met,OS,yes,2026-05-27,0.90,0.74,1.09,https://doi.org/10.1200/JCO.2026.44.16_suppl.4006,2025-10-20,ACTUAL,219,"ONO-4538-113 is ATTRACTION-6 (acronym not in registry). ASCO 2026 abstract 4006 read via the Crossref record of the DOI (deposited 27 May 2026; ascopubs page returns 403): OS not met, median 15.7 vs 15.8 mo; the interval is a 95.8% CI. ASCO probably released the abstract about a week earlier; oral presentation 1 Jun 2026 (OncoDaily coverage opened). No Ono topline release found, only the 22 Apr 2026 programme notice.",medium
NCT04338399,yes,2025-05-30,press_release,https://www.sec.gov/Archives/edgar/data/1944552/000121390025049136/ea0243792-6k_adlai.htm,not_met,OS,no,2025-10-20,1.02,0.83,1.26,https://www.oncnursingnews.com/view/buparlisib-chemo-combo-misses-os-mark-in-pd-1-treated-recurrent-hnc,2025-11-02,ACTUAL,-156,"BURAN: Adlai Nortye topline release (6-K of 30 May 2025) says OS primary not met, no numbers, buparlisib discontinued; this is five months before the registry primary completion date. HR first shown at ESMO 2025 (LBA48); earliest coverage opened is dated 20 Oct 2025 and the session day within 17-21 Oct is not confirmed.",high
NCT04720716,yes,2026-05-27,conference,https://doi.org/10.1200/JCO.2026.44.16_suppl.4148,unclear,OS and ORR by IRRC (co-primary),no,,,,,,2025-12-31,ACTUAL,147,"CIBI310C301: ASCO 2026 poster abstract 4148 read via the Crossref record of the DOI (deposited 27 May 2026; poster 30 May). Median OS 44.0 mo (3 mg/kg cohort) and 36.1 mo (1 mg/kg cohort) vs 22.9 mo sorafenib, ORR 41.7% / 22.1% vs 2.6% called significantly higher, but no HR, no p-value and no statement that the primary endpoint was met; IBI310 dose was changed mid-trial. Innovent 2026 interim results (HKEX, 25 Aug 2026) only cite the abstract; no topline notice found.",low
NCT04819100,yes,2026-02-16,press_release,https://www.curetoday.com/view/retevmo-improves-survival-in-early-ret-lung-cancer,met,EFS by investigator (stage II-IIIA),no,2026-05-31,0.17,0.06,0.51,https://pubmed.ncbi.nlm.nih.gov/42223087/,2026-01-12,ACTUAL,35,"LIBRETTO-432: Lilly topline release of 16 Feb 2026 (investor.lilly.com/node/53881 blocked; opened same-day Cure Today coverage and Targeted Oncology, which dates the release 16 Feb): EFS met, no numbers. HR from the NEJM paper published online 31 May 2026 with the ASCO 2026 plenary (LBA3); ASCO coverage (search summary) quotes 0.172 (0.058-0.509).",high
NCT02684292,yes,2020-03-02,press_release,https://www.merck.com/news/mercks-keytruda-pembrolizumab-significantly-improved-progression-free-survival-compared-with-brentuximab-vedotin-in-patients-with-relapsed-or-refractory-classical-hodgkin-lymphoma-ch/,met,PFS (dual primary with OS; OS not tested at this interim),no,2020-05-13,0.65,0.48,0.88,https://www.merck.com/news/mercks-keytruda-pembrolizumab-superior-to-brentuximab-vedotin-bv-a-standard-of-care-in-patients-with-classical-hodgkin-lymphoma-chl-in-head-to-head-phase-3-trial/,2026-01-14,ACTUAL,-2144,"KEYNOTE-204: Merck release of 2 Mar 2020 said PFS was met at an interim analysis, no numbers; HR in the Merck release of 13 May 2020 for ASCO 2020 (abstract 8005). The registry primary completion date (Jan 2026) reflects final OS follow-up, hence a lag of nearly -6 years; no final OS disclosure was traced.",high
NCT04210115,yes,2026-04-30,press_release,https://www.merck.com/news/merck-co-inc-rahway-n-j-usa-announces-first-quarter-2026-financial-results-highlights-significant-regulatory-approvals-and-clinical-milestones/,not_met,"EFS (dual primary with OS; population described only as ""certain patients"")",no,,,,,,2026-01-21,ACTUAL,99,"KEYNOTE-975: no stand-alone release found; the result is one sentence in the Merck Q1 2026 results release of 30 Apr 2026 (EFS not statistically significant). Not in the Q4 2025 release (3 Feb 2026) or the Q2 2026 release; the 10-K and 10-Q were not checked, and no HR, abstract or paper was found.",medium
NCT04546009,yes,2026-03-09,press_release,https://www.roche.com/media/releases/med-cor-2026-03-09,not_met,PFS by investigator,no,2026-06-02,0.89,0.76,1.05,https://www.cancernetwork.com/view/giredestrant-palbociclib-numerical-pfs-persevera-bc,2026-01-30,ACTUAL,38,"BO41843 is persevERA (acronym not in registry). Roche ad hoc announcement of 9 Mar 2026: PFS primary not met, numerical improvement, no numbers. HR at ASCO 2026 (LBA1006), p=0.1553; coverage opened is dated 2 Jun 2026 and the session day is not confirmed.",high
NCT04736706,yes,2026-04-21,press_release,https://www.merck.com/news/merck-and-eisai-provide-update-on-phase-3-litespark-012-trial-evaluating-first-line-combination-treatments-for-certain-patients-with-advanced-renal-cell-carcinoma-rcc/,not_met,PFS by BICR and OS (dual primary; both experimental arms),no,,,,,,2026-02-04,ACTUAL,76,"MK-6482-012 is LITESPARK-012 (acronym not in registry). Merck / Eisai release of 21 Apr 2026: at a pre-specified interim analysis neither the belzutifan triplet nor the quavonlimab arm met the dual primary endpoints; no numbers, futility not stated. No HR found; data said to be planned for a later congress.",high
NCT03661320,no,,,,,,no,,,,,,2026-02-16,ACTUAL,,"CA017-078 is ENERGIZE (acronym not in registry). Searched NCT, CA017-078, ENERGIZE, linrodostat / BMS-986205 and BMS Q2 2026 materials (30 Jul 2026, no mention): nothing found. Scheduled as ESMO 2026 proffered paper 4736O (23-27 Oct 2026, nivolumab vs chemotherapy comparison) per an OncoDaily preview of 7 Oct 2026 that states no outcome.",medium
NCT05020236,yes,2026-04-29,press_release,https://www.targetedonc.com/view/elranatamab-shows-pfs-benefit-in-relapsed-refractory-multiple-myeloma,met,"PFS by BICR (Part 2, elranatamab vs DPd; interim analysis)",no,,,,,,2026-02-26,ACTUAL,62,"MagnetisMM-5: Pfizer release of 29 Apr 2026 (pfizer.com returns 403; opened same-day Targeted Oncology coverage): PFS met at a pre-specified interim analysis, ""exceeded the target hazard ratio"", no numbers. No HR found at ASCO or EHA 2026; registry still says recruiting.",high
NCT05352672,yes,2026-05-15,press_release,https://www.1stoncology.com/blog/?p=111036,not_met,PFS (high-dose fianlimab + cemiplimab vs pembrolizumab),yes,2026-05-15,0.845,0.709,1.008,https://www.1stoncology.com/blog/?p=111036,2026-03-12,ACTUAL,64,"R3767-ONC-2011: Regeneron release (investor.regeneron.com blocked; opened a reposted copy dated 15 May 2026): PFS not significant, p=0.0627, median 11.5 vs 6.4 mo; low dose HR 0.931. Date conflict: MarketScreener copy is stamped 16 May and Targeted Oncology cites 17 May; no May 2026 8-K seen on EDGAR.",high
NCT06208150,yes,2026-07-23,press_release,https://www.jnj.com/media-center/press-releases/tecvayli-talvey-reduced-the-risk-of-disease-progression-or-death-by-89-and-the-risk-of-death-by-62-in-earlier-line-relapsed-refractory-multiple-myeloma,met,PFS by IRC (Tec-Tal vs EPd/PVd; Tal-P also met),yes,2026-07-23,0.11,0.08,0.16,https://www.jnj.com/media-center/press-releases/tecvayli-talvey-reduced-the-risk-of-disease-progression-or-death-by-89-and-the-risk-of-death-by-62-in-earlier-line-relapsed-refractory-multiple-myeloma,2026-04-01,ACTUAL,113,"MonumenTAL-6: J&J release of 23 Jul 2026; IDMC recommended unblinding at the first interim analysis. HR cells are teclistamab + talquetamab; talquetamab + pomalidomide HR 0.27 (0.20-0.35). The trial continues, so recorded as met rather than stopped_efficacy.",high
NCT03258931,no,,,,,,no,,,,,,2026-04-06,ACTUAL,,"ARO-021: searched NCT, ARO-021, crenolanib vs midostaurin and Arog (private, no news page found) across ASCO, EHA and ASH: no result. Registry completed 6 Apr 2026 with 214 of about 510 planned patients, no results posted; the only Arog phase 3 data found (ASH 2025) are from the separate relapsed/refractory trial NCT03250338.",medium
NCT05171075,no,,,,terminated_no_analysis,,no,,,,,,2026-04-10,ACTUAL,,"MAGNOLIA (abelacimab): registry Terminated, ""Sponsor Decision"", 417 enrolled (EU CTIS lists 1,033 planned, per search summary), no results. Per a Fierce Biotech article of 22 Apr 2026 (403, read in search summary only) Novartis stopped MAGNOLIA alongside ASTER after ASTER looked set to fail against apixaban; no result for MAGNOLIA itself was reported and no Novartis release was found.",medium
NCT04895358,no,,,,,,no,,,,,,2026-04-24,ACTUAL,,"KEYNOTE-B49: not mentioned in the Merck Q4 2025, Q1 2026 or Q2 2026 results releases, and no topline release found. Listed as ESMO 2026 late-breaking abstract LBA51 (23-27 Oct 2026) in an OncoDaily preview of 28 Sep 2026 that states no outcome.",medium
NCT05747794,no,,,,terminated_no_analysis,,no,,,,,,2026-04-30,ACTUAL,,"AIPAC-003 (eftilagimod alfa): only the 66-patient randomised phase 2 dose-optimisation part ran; the placebo-controlled phase 3 part with the OS primary never started. Immutep ASX quarterly of 30 Apr 2026 still described phase 2 follow-up; registry later changed to Terminated, ""Sponsor Decision"" (updated 30 Jul 2026), after the sibling TACTI-004 futility stop of Mar 2026. No termination announcement found.",medium
NCT03847428,yes,2026-07-27,exchange_announcement,https://www.astrazeneca.com/content/dam/az/PDF/2026/h1q2/H1-and-Q2-2026-results-announcement.pdf,not_met,RFS (durvalumab + bevacizumab vs placebo),no,,,,,,2026-05-15,ACTUAL,73,"EMERALD-2: no stand-alone release found; first appears as a ""new disclosure"" in the AstraZeneca H1/Q2 2026 results announcement of 27 Jul 2026 (readout dated Q2 2026): did not meet the primary endpoint of RFS vs placebo. No HR public.",high
NCT06497556,yes,2026-07-02,press_release,https://www.roche.com/media/releases/med-cor-2026-07-02,met,PFS by BICR,no,,,,,,2026-05-19,ACTUAL,44,Krascendo 1: Roche ad hoc announcement of 2 Jul 2026 (Genentech version dated 1 Jul US time): divarasib met PFS and the key secondary OS at interim versus sotorasib or adagrasib; no numbers. No HR found at WCLC 2026 or elsewhere.,high
NCT06346392,yes,2026-07-27,press_release,https://www.astrazeneca.com/media-centre/press-releases/2026/sone-ve-improved-survival-in-gastric-cancers.html,met,OS in 3L+ (dual primary; PFS by BICR in all randomised not met),no,,,,,,2026-05-31,ACTUAL,57,"D9802C00001 is CLARITY-Gastric01, AZD0901 is sonesitatug vedotin (neither name in registry). AstraZeneca release of 27 Jul 2026, same day as the H1 results (both opened): OS dual primary met, PFS dual primary showed a trend but was not significant; AstraZeneca tabulates it as ""primary endpoint met"". No numbers yet.",high
NCT05425940,yes,2025-06-22,press_release,https://www.1stoncology.com/blog/?p=104077,met,OS in ITT (dual primary; OS in non-liver-metastases later not met),no,2025-10-20,0.80,0.69,0.93,https://www.onclive.com/view/zanzalintinib-plus-atezolizumab-improves-os-in-previously-treated-metastatic-crc,2026-06-16,ACTUAL,-359,"STELLAR-303 (XL092 is zanzalintinib): Exelixis release of 22 Jun 2025 (ir.exelixis.com blocked; opened a reposted copy dated 22 Jun; BioSpace copy is stamped 23 Jun): ITT OS met at final analysis, no numbers. HR at ESMO 2025 (LBA30) and in the Lancet, coverage opened dated 20 Oct 2025. The other dual primary missed on 22 Jun 2026 (HR 0.83, 0.66-1.05, search summary only), which is what the registry primary completion date tracks.",high
NCT04039607,yes,2024-03-20,press_release,https://www.biospace.com/bristol-myers-squibb-announces-checkmate-9dw-trial-evaluating-opdivo-nivolumab-plus-yervoy-ipilimumab-meets-primary-endpoint-of-overall-survival-for-the-first-line-treatment-of-advanced-hepatocellular-carcinoma,met,OS,no,2024-06-04,0.79,0.65,0.96,https://www.biospace.com/bristol-myers-squibb-announces-opdivo-nivolumab-plus-yervoy-ipilimumab-significantly-improved-overall-survival-compared-to-lenvatinib-or-sorafenib-as-first-line-treatment-for-patients-with-advanced-hcc-in-checkmate-9dw-trial,2026-07-09,ACTUAL,-841,"CheckMate 9DW: BMS release of 20 Mar 2024 (news.bms.com blocked; opened BioSpace and another reposted copy, both dated 20 Mar): OS met at a pre-specified interim analysis, no numbers. HR in the BMS release of 4 Jun 2024 for ASCO 2024 (LBA4008). Registry primary completion date (Jul 2026) is 28 months after the readout.",high
NCT04543617,yes,2025-04-24,other,https://www.apexonco.com/node/1271,not_met,PFS by investigator (tiragolumab + atezolizumab vs placebo; first in the testing hierarchy),no,2025-10-20,0.82,,,https://www.apexonco.com/node/1668,2026-07-22,ACTUAL,-454,"SKYSCRAPER-07: no Roche release. ApexOnco article of 24 Apr 2025 (opening lines opened, rest paywalled) says the failure was slipped into the Roche Q1 2025 results presentation; a Roche spokesperson confirming the missed primary is from a search summary of the same article, and the Roche slide itself was not opened. HR at ESMO 2025 (17 Oct per ApexOnco; article opened is dated 20 Oct, no CI); CI 0.65-1.03, p=0.0947 from the Annals of Oncology paper (PMID 42628839, 21 Aug 2026) as summarised by OncoDaily.",medium
NCT06018337,no,,,,,,no,,,,,,2026-08-12,ACTUAL,,"DYNASTY-Breast02 (DB-1303 / BNT323 is trastuzumab pamirtecan): not read out. BioNTech Q2 2026 release (6-K, 4 Aug 2026) says the primary analysis is expected in Q4 2026; the Sep 2025 ""met PFS"" release belongs to the sibling China HER2-positive trial NCT06265428.",high
NCT06790966,no,,,,terminated_no_analysis,,no,,,,,,2026-08-25,ACTUAL,,"VERSATILE-003: PDS Biotech ended company funding on 11 Aug 2026 to prioritise PDS0301 (OncLive coverage opened); registry Terminated for ""financial constraints"" with 12 patients enrolled, so no OS or PFS analysis is possible.",high
NCT05132075,no,,,,terminated_no_analysis,,no,,,,,,2026-09-03,ACTUAL,,"KontRASt-02 (JDQ443 is opnurasib): Novartis discontinued opnurasib in its Q2 2024 update for portfolio reasons (ApexOnco, 18 Jul 2024, opening lines opened; ""not driven by clinical data"" is from search summaries). Enrolment ended at 95 of about 360 planned; registry still active, not recruiting, with no results, and no PFS analysis, abstract or paper was found.",medium
