nct,disclosed,first_disclosure_date,first_source_type,first_source_url,primary_result,which_endpoint,hr_in_first_disclosure,hr_first_public_date,hr_value,hr_ci_low,hr_ci_high,hr_source_url,registry_pcd,registry_pcd_type,lag_days_pcd_to_disclosure,search_notes,confidence
NCT04662710,yes,2025-01-24,press_release,https://www.merck.com/news/merck-and-eisai-provide-update-on-phase-3-leap-015-trial-evaluating-keytruda-pembrolizumab-plus-lenvima-lenvatinib-in-combination-with-chemotherapy-in-patients-with-certain-types-of-ga/,met,PFS by BICR (dual primary with OS; OS not met at final analysis),no,2025-05-31,0.75,0.62,0.90,https://pubmed.ncbi.nlm.nih.gov/40448579/,2024-10-29,ACTUAL,87,"LEAP-015. Merck/Eisai release of 24 Jan 2025: PFS (one of the dual primary endpoints) was statistically significant at an interim analysis, OS was not met at the final analysis; no numbers. Recorded as met under the either-endpoint-suffices rule, but the sponsors and the JCO editorial treat the trial as negative. HR columns give PFS in PD-L1 CPS>=1 (JCO epub 31 May 2025, with ASCO 2025); all participants PFS HR 0.78 (0.66-0.92); OS CPS>=1 HR 0.84 (0.71-1.00), one-sided p=0.0244 vs boundary 0.0204. Registry results posted 2025-11-28. Merck and Eisai quarterly documents before Jan 2025 were not checked for an earlier line on the interim PFS result.",high
NCT04714190,no,,,,,,no,,,,,,2024-12-01,ESTIMATED,,"No result found by NCT, RC48-C007 or disitamab vedotin phase 3 in HER2-overexpressing gastric cancer (web search in English, PubMed). RemeGen 2026 interim results (HKEX, 24 Aug 2026) describe the 2021 conditional approval in third-line gastric cancer and newer first-line trials but say nothing about a C007 readout. Registry status unknown, last updated Dec 2023.",medium
NCT05647954,no,,,,,,no,,,,,,2024-12-30,ESTIMATED,,"No result found by NCT, HX008-III-MM-01 or pucotenlimab plus TACE. Lepu Biopharma 2026 interim results (HKEX, 19 Aug 2026) say the confirmatory phase 3 in first-line stage IV (M1c) melanoma is still being conducted. Registry record never updated since Dec 2022 (not yet recruiting / unknown).",medium
NCT05522231,yes,2025-03-18,press_release,https://www.biospace.com/press-releases/innovent-and-hutchmed-jointly-announce-that-the-frusica-2-phase-2-3-study-of-sintilimab-and-fruquintinib-combination-has-met-its-primary-endpoint-in-advanced-renal-cell-carcinoma-in-china,met,PFS by BICR (phase 3 part),no,2025-10-13,0.373,,,https://www1.hkexnews.hk/listedco/listconews/sehk/2025/1013/2025101300193.pdf,2025-01,ESTIMATED,62,"FRUSICA-2. Innovent/Hutchmed joint topline release datelined 18 Mar 2025 (PR Newswire copy on BioSpace; the Hutchmed HKEX voluntary announcement is dated 19 Mar 2025 Hong Kong time, the same day as its FY2024 results): met PFS by BICR, no numbers. HR first public in the Hutchmed announcement of 13 Oct 2025 ahead of the ESMO oral on 17 Oct 2025: stratified HR 0.373, p<0.0001, mPFS 22.2 vs 6.9 mo; no CI in that source or in the trade coverage opened. Registry PCD is month-only (2025-01), taken as the 15th; registry not updated since Jan 2025.",high
NCT04222972,yes,2025-09-18,other,https://forpatients.roche.com/content/dam/patient-platform/lps/global/bo42864/LPS_BO42864_AcceleRET-Lung_final-results_September2025_English.pdf,met,PFS (investigator),no,2026-03-05,0.59,0.42,0.84,https://clinicaltrials.gov/study/NCT04222972?tab=results,2025-01-27,ACTUAL,234,"AcceleRET-Lung. Terminated early for commercial reasons (Roche returned pralsetinib rights) but 223 of ~226 were randomised and a final PFS analysis was done. Earliest source found is Roche's lay summary of results on its ForPatients trial page, dated 18 Sep 2025: median time without worsening 1 year 7 months vs 9 months, no HR or p-value. THE DATE IS THE DOCUMENT DATE, NOT A VERIFIED POSTING DATE: a web-archive copy of the trial page from 12 Sep 2025 has no summary and the copy of 14 Dec 2025 has it. First HR and p-value: ClinicalTrials.gov results posted 5 Mar 2026 (HR 0.59, 0.42-0.84, p=0.0027; mPFS 18.7 vs 9.0 mo). Presented as an ASCO 2026 oral on 29 May 2026 (coverage says primary endpoint met). No Roche, Blueprint or Rigel press release with the result was found before ASCO; the EU CTIS record (2023-505035-12-00) was not checked.",medium
NCT03002103,no,,,,,,no,,,,,,2025-03,ESTIMATED,,"No result found for EndoTAG-1 (SB05) CT4005 in triple-negative breast cancer (PubMed, registry, SynCore website). Registry: suspended for 'study design reconsideration', last updated Apr 2023, enrolment still an estimate. SynCore posted a notice on 18 May 2022 that it was voluntarily ending a Taiwan-FDA-approved phase 3 trial for R&D strategy reasons; the notice does not name the trial, so it is not proof that this one ended. If it did, the row would be terminated_no_analysis. No general web search was run for this row (search budget exhausted).",low
NCT06759857,no,,,,,,no,,,,,,2025-03-04,ESTIMATED,,"No result found for FHND9041 vs afatinib (PubMed has only the phase 1/2 paper of Jul 2025; registry). Registered on ClinicalTrials.gov only in Jan 2025 for a trial started Aug 2021, with estimated primary completion Mar 2025 and no update since. Sponsor (Chia Tai Fenghai) website not reachable; no general web search or Chinese regulator search was run for this row (search budget exhausted), so a Chinese-language filing notice could have been missed.",low
NCT04512235,yes,2025-07-16,press_release,https://www.astrazeneca.com/media-centre/press-releases/2025/update-on-anselamimab-in-al-amyloidosis.html,not_met,Hierarchical all-cause mortality + cardiovascular hospitalisations (Finkelstein-Schoenfeld / win ratio),no,,,,,,2025-04-08,ACTUAL,99,"CARES programme (this trial is the Mayo stage IIIa study; the IIIb study is NCT04504825). AstraZeneca release of 16 Jul 2025: anselamimab did not reach statistical significance on the primary endpoint in the overall population across both trials; a prespecified subgroup (later named as kappa light chain) showed benefit; no numbers. The primary endpoint is a win ratio, not a hazard ratio, so the HR cells are blank: pooled win ratio 1.11 (0.83-1.50), p=0.332 in JCO (epub 29 May 2026, with ASCO 2026); this trial alone 1.23 (0.83-1.84), p=0.259 on ClinicalTrials.gov (posted 17 Jun 2026). All-cause mortality HR 0.80 (0.57-1.13) is a component, not the primary.",high
NCT04691063,no,,,,,,no,,,,,,2025-05-15,ESTIMATED,,"No result found by NCT, SHR-1316-III-302 or adebrelimab plus chemoradiotherapy in limited-stage SCLC (English and Chinese web search, PubMed); only the safety run-in (ELCC 2024 poster) is public. Hengrui 2026 interim results (HKEX, 19 Aug 2026) still list adebrelimab for first-line limited-stage SCLC as a phase 3 programme, and none of Hengrui's 26 filing-acceptance notices on HKEX from Aug 2025 to 9 Oct 2026 concerns it. Registry record not updated since Feb 2021.",medium
NCT05518318,no,,,,,,no,,,,,,2025-06,ESTIMATED,,"No result found by NCT, GLS-010-31 or zimberelimab vs chemotherapy in relapsed/refractory classical Hodgkin lymphoma (English and Chinese web search, PubMed). Small confirmatory trial (60 planned); registry never updated since Aug 2022 (not yet recruiting / unknown). Sponsor website not reachable.",low
NCT05673590,no,,,,,,no,,,,,,2025-06-15,ESTIMATED,,"Primary OS analysis not done. Biostar 2026 interim results (HKEX, 26 Aug 2026, https://www1.hkexnews.hk/listedco/listconews/sehk/2026/0826/2026082602061.pdf): about 300 of 612 enrolled; 'nearly twofold advantage over docetaxel in both ORR and PFS (OS has not been reached in either arm)'; data to be shown at ESMO (23-27 Oct 2026); enrolment suspended because it was too slow, and the study 'will be either restarted or terminated'. So secondary endpoints have been described without numbers, the primary has not, and the trial may end without a primary analysis. Could be argued as unclear. Registry status unknown, last updated Nov 2023.",medium
NCT04622319,yes,2025-09-29,press_release,https://www.astrazeneca.com/media-centre/press-releases/2025/enhertu-improved-idfs-in-early-bc-in-db-05.html,met,IDFS,no,2025-10-18,0.47,0.34,0.66,https://www.onclive.com/view/t-dxd-improves-idfs-and-dfs-vs-t-dm1-in-her2-breast-cancer-with-residual-invasive-disease,2025-07-02,ACTUAL,89,"DESTINY-Breast05. AstraZeneca / Daiichi Sankyo high-level results of 29 Sep 2025: highly statistically significant IDFS improvement vs T-DM1 at a planned interim analysis, OS immature, no numbers. HR at ESMO 2025 Presidential Symposium (LBA1) on 18 Oct 2025; NEJM paper 10 Dec 2025 (PMID 41370739). Interim win with the trial continuing, so met rather than stopped_efficacy. AstraZeneca H1 2025 and Daiichi quarterly documents were not checked for an earlier line, but the data cut-off was 2 Jul 2025.",high
NCT05767892,no,,,,,,no,,,,,,2025-07-30,ESTIMATED,,"No result found by NCT, SZPH-2023-001 or YK-029A phase 3 in first-line EGFR exon 20 insertion NSCLC (web search, PubMed: phase 1 papers only). Puhe's website lists the programme (PH001) with breakthrough designation and a recruitment notice, no readout or filing. Registry never updated since Apr 2023 (not yet recruiting).",low
NCT04619433,no,,,,terminated_no_analysis,,no,,,,,,2025-08-16,ACTUAL,,"SHR-1210-III-324. Registry: 'Terminated by Sponsor', 48 enrolled (actual), last update Sep 2025. With 48 patients the phase 3 part cannot have reached its PFS analysis; the trial appears to have stopped during or just after the pharmacokinetic part 1. No publication or Hengrui notice found (PubMed; HKEX filing notices Aug 2025 to Oct 2026). The sponsor gives no reason.",medium
NCT05594927,no,,,,,,no,,,,,,2025-08-30,ESTIMATED,,"No result found by NCT, SNG2111-ICR-1, BESTPOP or icaritin vs huachansu (web search, PubMed). Registry status unknown, last updated Aug 2024. Sponsor (Shenogen) website not reachable. Beware the earlier icaritin phase 3 trials (NCT03236636, NCT03236649), which are different studies.",low
NCT02546102,no,,,,,,no,,,,,,2025-12,ESTIMATED,,"No result found for ICT-107-301 (PubMed, registry). Registry: suspended, 'Company is discussing with FDA to reinitiate the trial now', last updated Apr 2024, with a start date now given as Dec 2024 and enrolment still an estimate, i.e. the trial has not run to an analysis. No general web search was run for this row (search budget exhausted). If the sponsor has abandoned it the row would be terminated_no_analysis.",low
NCT05945901,no,,,,,,no,,,,,,2025-12-01,ESTIMATED,,"No result found by NCT or HR070803-306-CRC (PubMed: only pancreatic and phase 1 HR070803 papers). Hengrui 2026 interim results (HKEX, 19 Aug 2026) do not mention a colorectal readout for irinotecan liposome, and none of Hengrui's 26 filing-acceptance notices on HKEX from Aug 2025 to 9 Oct 2026 concerns it. Registry: active, not recruiting, 669 enrolled, updated Nov 2025. No general web search was run for this row (search budget exhausted).",medium
NCT05851014,yes,2024-03-27,exchange_announcement,https://www1.hkexnews.hk/listedco/listconews/sehk/2024/0327/2024032703181.pdf,met,PFS (investigator),no,,,,,,2026-01-30,ESTIMATED,-674,"LEONARDA-2 (lerociclib/GB491 plus letrozole, first line). First statement of the result is in Genor's 2023 annual results announcement (HKEX, 27 Mar 2024): 'the efficacy data analysis of phase III clinical trial for the first line advanced breast cancer of Lerociclib (GB491) has reached the primary endpoint'; NDA submitted 28 Feb 2024 and accepted 13 Mar 2024 (that acceptance notice does not state the result); approved May 2025. The announcement names neither the protocol number nor the acronym: matched by drug, line and letrozole design. This is 22 months before the registry's estimated primary completion (record not updated since May 2023, still 'recruiting'). No HR found: no conference abstract or paper located (PubMed empty for LEONARDA-2 and lerociclib letrozole).",medium
NCT05868707,no,,,,,,no,,,,,,2026-03,ESTIMATED,,"No result found by NCT, BH-OH2-020 or OH2 phase 3 in melanoma (web search, PubMed: phase 1a/1b paper only). Registry: recruiting, last updated Jul 2025, completion 2027. Sponsor website not reachable.",low
NCT06082635,no,,,,,,no,,,,,,2026-04-30,ESTIMATED,,"No result found for TGRX-326 (deulorlatinib) vs crizotinib (PubMed: phase 1 and single-arm phase 2 papers only, the latter Apr 2026). Registry: active, not recruiting, 321 enrolled, last updated May 2025, completion 2028. Sponsor website not reachable and the company is not on HKEX; no general web search was run for this row (search budget exhausted), so an interim-analysis notice in Chinese could have been missed.",low
NCT06296706,no,,,,,,no,,,,,,2026-06-01,ESTIMATED,,"No result found for HB1801-010 (albumin-bound docetaxel vs Taxotere, second-line gastric cancer). CSPC 2026 interim results (HKEX, 20 Aug 2026) and its ESMO 2026 notice (5 Oct 2026) cover HB1801 with anbenitamab in breast cancer and HB1801 plus FOLFOX in first-line gastric cancer (a different phase 1b/3 trial) but not this study; no HB1801 gastric readout among CSPC HKEX announcement titles from Mar 2024. Registry: recruiting, last updated Nov 2024. No general web search was run for this row (search budget exhausted).",medium
NCT06319313,no,,,,,,no,,,,,,2026-07-01,ESTIMATED,,"No result found for JMT101-013 (JMT101 plus docetaxel or HB1801 in squamous NSCLC). CSPC 2026 interim results (HKEX, 20 Aug 2026) mention JMT101 only for the osimertinib combination trial (a sibling) and colorectal cancer. Registry still 'not yet recruiting', last updated Mar 2024. No general web search was run for this row (search budget exhausted).",medium
NCT04639180,no,,,,,,no,,,,,,2026-07-31,ESTIMATED,,"No result found by NCT or SHR-1210-III-325 (PubMed). Hengrui 2026 interim results (HKEX, 19 Aug 2026) do not mention an adjuvant liver cancer readout, and none of Hengrui's 26 filing-acceptance notices on HKEX from Aug 2025 to 9 Oct 2026 concerns it (the Jan 2026 camrelizumab plus apatinib notice is the TACE trial CARES-336; the Lancet 2025 paper is the perioperative CARES-009; both siblings). Registry: active, not recruiting, 687 enrolled, updated Dec 2025. No general web search was run for this row (search budget exhausted).",medium
NCT06152575,no,,,,,,no,,,,,,2026-08-30,ESTIMATED,,"MagnetisMM-32 not read out as far as found: registry updated 24 Aug 2026 still shows recruiting with study completion Dec 2027; Pfizer Q2 2026 earnings release (4 Aug 2026) has no line on it. Pfizer's press release page and pipeline PDF are blocked to scripts and no general web search was run for this row (search budget exhausted), so Sept-Oct 2026 news was not covered.",medium
NCT06417814,no,,,,,,no,,,,,,2026-09-30,ESTIMATED,,"TROPION-Lung15 not read out: AstraZeneca H1 2026 clinical trials appendix (as of 27 Jul 2026) gives 'Data anticipated: H2 2026' and lists it among upcoming phase 3 readouts; no TROPION-Lung15 item among AstraZeneca's 6-K announcement titles from 28 Jul to 5 Oct 2026 (checked on SEC EDGAR). Registry recruiting, updated May 2026.",high
NCT06618664,no,,,,,,no,,,,,,2026-10,ESTIMATED,,"KYLIN-02 not read out: registry updated 25 Sep 2026 still shows recruiting, completion 2030; Hengrui 2026 interim results (HKEX, 19 Aug 2026) list SHR-8068 plus adebrelimab and bevacizumab in advanced hepatocellular carcinoma as an ongoing phase 3 programme.",high
