nct,proposed_decision,proposed_reason,quote
NCT01398085,exclude,Phase III aim is to show that omitting radio-iodine ablation gives non-inferior 5-year disease-free survival (de-escalation).,do not have routine Radioactive iodine (RAI) ablation is non-inferior to those who do
NCT02097459,exclude,Summary calls it a non-inferior trial of switching SERM to AI with DFS/OS as primary outcomes; no superiority hypothesis is stated (record is thin and the arm labels are unclear).,"This is a prospective, randomized and non-inferior trial"
NCT02135042,exclude,The phase III comparison (undetectable EBV DNA: observation vs adjuvant PF) tests non-inferior OS; the superiority PFS test belongs only to the randomised phase II cohort.,will result in non-inferior overall survival as compared with those patients receiving adjuvant CDDP and 5-FU chemotherapy
NCT02166788,exclude,"Design is stated as non-inferiority, with the hypothesis of no DFS difference between inguinal and ilio-inguinal lymphadenectomy.","multi-centre, non-inferiority, phase III, prospective, randomised clinical trial comparing IL or I-IL"
NCT02215265,exclude,The time-to-event co-primary (OS) is tested for non-inferiority of reduced-intensity adjuvant treatment; superiority applies only to the swallowing (MDADI) co-primary.,To demonstrate the non-inferiority of reducing the intensity of adjuvant treatment protocols in terms of overall survival
NCT03117751,exclude,"Primary EFS is compared with a historical control (TOTXVI), not between randomised arms; the randomisations concern vincristine neuropathy and non-inferiority is a secondary aim.",compared historically with those of the St. Jude Children's Research Hospital's (SJCRH) TOTXVI study
NCT03303495,exclude,"Summary states the primary purpose is non-inferiority of FOLFIRI vs irinotecan (worded for OS, although the registered primary endpoint is PFS).",to determine the non-inferiority of overall survival FOLFIRI with or without Bevacizumab compared with Irinotecan
NCT03366415,exclude,"Official title declares a non-inferiority trial of sequential vs concurrent chemoradiotherapy, with failure-free survival as primary endpoint.",Non-inferiority Prospective Randomized Trial Comparing Sequential Chemoradiotherapy With Concurrent Chemoradiotherapy
NCT03399110,exclude,Hypothesis is that 4 months of XELOX is non-inferior to 6 months for DFS (duration de-escalation).,4-month regimen of capecitabine plus oxaliplatin is noninferior to a 6-month regimen with respect to DFS
NCT03503136,exclude,"Title and summary declare a non-inferiority factorial trial (nedaplatin vs cisplatin, capecitabine vs fluorouracil) with PFS as primary endpoint.","a Phase 3, Multicentre, Non-inferiority, Randomised Factorial Trial"
NCT03529279,exclude,Title declares non-inferiority; the aim is that OS under CNG-staging-guided treatment is not inferior to UICC/NCCN-guided treatment.,"a Multicenter, Open Label, Randomized Controlled, Non-inferiority Clinical Trial"
NCT03801876,unsure,OS has two primary objectives - (I) proton therapy improves OS and (II) OS is non-inferior with less cardiopulmonary toxicity - and the record does not say which governs or whether they are tested in a hierarchy (leaning include: objective I and the log-rank test are superiority).,To determine if OS with PBT is non-inferior to IMRT as part of planned protocol treatment
NCT03836014,exclude,"Stated as a non-inferiority trial of fixed 24-month vs continuous Dara-Len-Dex, with OS at 4 years as primary endpoint.","propose to conduct a non-inferiority phase III randomized, multicenter, open label trial"
NCT03837808,exclude,"Official title declares a non-inferiority study of nimotuzumab vs cisplatin with radiotherapy, PFS primary.",A Randomized Phase III Non-inferiority Study of Radiotherapy Plus Concurrent Nimotuzumab Versus Cisplatin
NCT03871257,exclude,Primary objective I tests EFS non-inferiority of selumetinib vs carboplatin/vincristine; superiority applies only to the visual-acuity co-primary.,event-free survival (EFS) is non-inferior to treatment with carboplatin/vincristine sulfate (vincristine) (CV)
NCT03875781,exclude,Title and sample-size text declare non-inferiority of preoperative chemotherapy alone vs chemotherapy plus chemoradiotherapy on 3-year PFS.,Non Inferiority Multicenter Phase III Randomized Trial Comparing Preoperative Chemotherapy Only to Chemotherapy Followed by Chemoradiotherapy
NCT03952585,exclude,Phase III co-primary is non-inferiority of PFS for reduced-dose radiotherapy; superiority is for the quality-of-life co-primary only.,To demonstrate co-primary endpoints of non-inferiority of PFS and superiority of quality of life
NCT04073706,exclude,Stage 2 primary outcome (DFS at 4.5 years) is a non-inferiority comparison of sentinel node biopsy vs no node dissection; the stage 1 primary is not time-to-event.,Treatment non-inferiority as evaluated by disease-free survival status at 4.5 years post-surgery
NCT04095364,exclude,Primary objective is PFS non-inferiority of letrozole alone vs chemotherapy plus letrozole (chemotherapy omission).,is non-inferior to intravenous (IV) paclitaxel/carboplatin and maintenance letrozole (CT/L) with respect to progression-free survival
NCT04166409,exclude,Title and primary objective declare EFS non-inferiority of selumetinib vs carboplatin/vincristine.,A Phase 3 Randomized Non-Inferiority Study of Carboplatin and Vincristine Versus Selumetinib
NCT04178174,exclude,"Description states a non-inferiority trial of short-course SABR-boost de-escalated chemoradiation vs standard chemoradiation, PFS primary.",This is an open label randomized phase III non inferiority trial.
NCT04333537,exclude,The phase III time-to-event primary (DFS) tests non-inferiority of sentinel node biopsy vs elective neck dissection; superiority is for the NDII function endpoint.,disease-free survival (DFS) is non-inferior with SLN biopsy compared to END
NCT04384627,exclude,"Title declares a non-inferiority trial of reduced (post-induction) target volumes, relapse-free survival primary.","A Phase 3, Multicentre, Non-inferiority, Randomised Controlled Trial"
NCT04437329,exclude,"Title and description declare a non-inferiority trial of nedaplatin vs cisplatin, PFS primary.","Prospective, Parallel, Randomized, Open Labeled, Phase III Non-Inferiority Clinical Study"
NCT04456322,exclude,"Title and summary declare non-inferiority of radiotherapy plus nimotuzumab vs radiotherapy plus cisplatin, PFS primary.",A Randomized Non-inferiority Trial of Radiotherapy Plus Nimotuzumab or Cisplatin
NCT04460352,exclude,The OS co-primary is tested for non-inferiority of definitive chemoradiotherapy with salvage surgery as needed vs planned surgery.,non-inferiority design with regard to the first co-primary endpoint overall survival
NCT04513717,unsure,One NCT covers two parallel phase III trials on metastasis-free survival: de-intensification (12 vs 24 months ADT) is non-inferiority and intensification (adding apalutamide) is superiority; the ruling depends on whether the superiority sub-study can be scored on its own.,instead of 24 months ADT+RT and experience non-inferior metastasis-free survival
NCT04575935,exclude,Primary objective is DFS non-inferiority of minimally invasive surgery vs laparotomy.,MIS is non-inferior to laparotomy in terms of disease free survival (DFS)
NCT04637594,exclude,"Title declares a non-inferiority trial of stopping vs continuing checkpoint inhibitor therapy, OS primary.",A Randomized Phase 3 Non-Inferiority Trial (IMAGINE)
NCT04646759,exclude,Fulvestrant plus pyrotinib vs capecitabine plus pyrotinib is tested against a non-inferiority margin for PFS.,with a non-inferiority cut-off value of HR = 1.30
NCT04909684,exclude,"Primary objective is OS non-inferiority of reduced-dose (75%) vs full-dose pembrolizumab, which is also a dose comparison.",to investigate the non-inferiority of pembrolizumab 75% versus pembrolizumab 100% in terms of overall survival
NCT04989647,exclude,"Sample size is built on a non-inferiority margin for DFS of surgery alone vs surgery plus adjuvant (chemo)radiation, although the summary also speaks of a DFS benefit.",with non-inferiority margin of 5% to test the difference between the ARMs
NCT05037279,exclude,Title and description declare non-inferiority of Verity-BCG vs OncoTICE on 24-month recurrence-free survival.,Phase III Non-inferiority Study Assessing Efficacy and Safety of VERITY-BCG
NCT05050084,unsure,One NCT covers two parallel phase III trials: de-intensification (RT alone vs RT+ADT) is non-inferiority on distant metastasis and intensification (adding darolutamide) is superiority on MFS; the ruling depends on whether the superiority sub-study can be scored on its own.,experience non-inferior rate of distant metastasis. (De-intensification study)
NCT05050162,exclude,The phase III time-to-event primary (OS) tests non-inferiority of weekly vs three-weekly cisplatin; superiority is for acute toxicity.,cisplatin weekly is non-inferior to radiation with cisplatin every 3 weeks in terms of overall survival (OS)
NCT05078047,exclude,Hypothesis is PFS non-inferiority of reduced dose-intensity (3-monthly) immunotherapy vs standard schedule.,If our hypothesis of non-inferiority of PFS with a reduced dose intensity of IO is verified
NCT05145660,exclude,"Title and description declare a non-inferiority trial of involved-site vs elective-region nodal irradiation, regional-recurrence-free survival primary.",a Multicenter Non-inferior Randomized Controlled Phase III Clinical Trial
NCT05250843,include,Trial aims to show superiority of neoadjuvant TACE/HAIC + lenvatinib + sintilimab over direct hepatectomy on RFS; 'non-inferior' only describes the earlier lenvatinib-vs-sorafenib result.,to demonstrate the superiority of TACE/HAIC combined with PD-1 antibody and lenvatinib as a neoadjuvant therapy
NCT05255653,include,"The non-inferiority wording describes a separately registered sibling trial (NSMP-ORANGE); this record (MMRd-GREEN) adds durvalumab to radiotherapy vs standard, though it does not spell out its own hypothesis.","The NSMP-ORANGE trial (NCT07831902) is an international, multicenter, non-inferiority phase III randomised trial"
NCT05304468,exclude,"Title declares non-inferiority of reduced-dose vs standard-dose radiotherapy, 2-year PFS primary.",Phase III Randomized Non-inferiority Trial of Reduced-dose Versus Standard Dose Radiotherapy
NCT05388500,exclude,Primary objective is non-inferiority of trastuzumab alone vs trastuzumab plus paclitaxel on time to progression.,Non-inferiority between the two treatment arms will be evaluated in terms of time to progression
NCT05411237,exclude,"Title declares non-inferiority of paclitaxel vs pegylated liposomal doxorubicin, PFS at 48 weeks primary.","A Phase III, Randomized, Open-Label, Non-Inferiority Study of Paclitaxel and Pegylated Liposomal Doxorubicin"
NCT05440149,exclude,"Summary states a non-inferiority study of omitting PMRT/regional radiotherapy, 7-year DFS primary.",This is a non-inferiority study aiming that there is no significant difference in the 7-year disease-free survival rate
NCT05476432,exclude,"Title declares a non-inferiority study of one-day vs two-day FOLFOX-HAIC, OS primary.",HAIC With One-day FOLFOX vs. HAIC With Two-day FOLFOX for Unresectable HCC: a Non-inferiority Study
NCT05484024,include,Add-on design (PD-1 inhibitor added to short-course radiotherapy and chemotherapy) expected to work better; 'non-inferior' only describes the earlier STELLAR trial.,were shown to be non-inferior to standard long-course chemoradiotherapy in our previous STELLAR study
NCT05489848,exclude,"Title and description declare non-inferiority of chemotherapy alone vs chemoradiotherapy, 2-year PFS primary.",a Non-inferiority Randomized Controlled Trial
NCT05519956,exclude,"Title and summary declare a non-inferiority trial of level Ib-sparing vs level Ib-covering IMRT, regional relapse-free survival primary.","an Open-label, Non-inferiority, Multicentre, Randomised Phase 3 Trial"
NCT05538663,exclude,Study hypothesis is non-inferior event-free survival with gemcitabine + docetaxel vs BCG.,will result in a non-inferior event-free survival (EFS) compared to standard treatment with intravesical BCG
NCT05547529,exclude,"Summary states a non-inferiority study of neoadjuvant chemotherapy vs chemoradiotherapy, DFS primary.",This is non-inferiority study (neoadjuvant chemoradiotherapy has no advantage over neoadjuvant chemotherapy)
NCT05665348,include,Add-on trial testing the benefit of ipilimumab added to atezolizumab-bevacizumab on OS; 'non-inferiority' only describes the historical REFLECT trial.,was at least equivalent to sorafenib in 1L in the REFLECT non-inferiority trial
NCT05674305,exclude,"Title and summary declare non-inferiority of radiotherapy alone vs concurrent chemoradiotherapy (chemotherapy omission), PFS primary.","A Multicenter, Randomized, Non-inferior Phase III Study of Radiotherapy Alone Versus Concurrent Chemo-radiotherapy"
NCT05675410,include,"Both primary outcomes are PFS compared by a 1-sided log-rank test (immunotherapy vs standard); non-inferiority is listed only under secondary objectives, for OS.",To demonstrate non-inferiority of overall survival (OS) at 12 years of IO therapy versus standard therapy
NCT05692999,exclude,"Title and summary declare non-inferiority of 6-weekly vs standard pembrolizumab maintenance, OS primary.",Pulse is a randomized non-inferiority phase III clinical trial
NCT05772208,include,Intensification add-on design whose stated question is whether adding camrelizumab or nimotuzumab improves outcomes (PFS primary); the 'non-inferior' label in the summary conflicts with this and looks carried over from the sibling de-escalation trial NCT05674305.,improve the treatment outcomes in the relatively poor prognostic patients
NCT05776758,exclude,Primary outcome is OS non-inferiority of cystectomy alone vs neoadjuvant chemotherapy plus cystectomy.,To demonstrate the non-inferiority of radical cystectomy (RC) alone versus neoadjuvant chemotherapy plus RC on 2 years Overall Survival (OS) rates
NCT05780372,exclude,"Title and summary declare non-inferiority of reduced vs conventional neck prophylactic irradiation, regional recurrence-free survival primary.","a Multi-center, Non-inferiority, Open-label, Randomized Controlled Phase III Clinical Trial"
NCT05812807,exclude,Primary objective is RFS non-inferiority of observation vs adjuvant pembrolizumab (de-escalation).,whether observation results in a non-inferior recurrence-free survival (RFS) compared to adjuvant pembrolizumab
NCT05815082,exclude,Main question is PFS non-inferiority of watch-and-wait vs adjuvant chemotherapy in ctDNA-negative patients.,is non-inferior to adjuvant chemotherapy in postoperative ctDNA-negative resectable colorectal cancer liver metastasis patients
NCT05884398,exclude,Purpose is non-inferior rPFS with intermittent vs continuous ADT (de-escalation).,provides non-inferior radiographic progression-free survival (rPFS)
NCT05929768,exclude,Primary objective is non-inferior breast cancer EFS with shorter anthracycline-free chemo-immunotherapy.,have non-inferior breast cancer event-free survival (BC-EFS)
NCT05980715,exclude,"Title declares non-inferiority of PD-1 inhibitor vs adjuvant radiotherapy, 5-year OS primary.","A Randomized Controlled, Non-inferior, Phase III Study of PD-1 Inhibitor Therapy Versus Radiotherapy"
NCT05993559,exclude,Purpose is to confirm that omitting post-mastectomy radiotherapy is non-inferior on 5-year DFS.,omitting radiotherapy is non-inferior to post-mastectomy radiotherapy (PMRT) in terms of 5-year disease-free survival (DFS)
NCT06044623,exclude,"Non-inferiority trial of reduced vs full starting dose of CDK4/6 inhibitor (a dose comparison), with time to treatment failure as primary.","multicenter, open-label, prospective, randomized-controlled, non-inferiority trial with a pragmatic approach"
NCT06136559,include,The time-to-event primary (PFS by BICR) is tested for superiority; non-inferiority applies only to the ORR primary hypothesis.,(2) nemtabrutinib is superior to ibrutinib or acalabrutinib with respect to progression free survival (PFS)
NCT06156514,exclude,"Description states a non-inferiority trial of gemcitabine vs cisplatin chemoradiotherapy, PFS primary.","This is a phase III clinical trial, open, randomized 1: 1, controlled, noninferiority, in a single hospital center."
NCT06182774,exclude,"Title declares non-inferiority of fixed-duration vs continuous anti-CD38 therapy, PFS primary.",A Phase III Non-Inferiority Randomized Controlled Trial of Fixed Duration Versus Continuous Anti-CD38 Antibody Therapy
NCT06235697,exclude,"Title declares non-inferiority of SBRT vs brachytherapy boost, PFS primary.","A Non-Inferiority, Phase III Randomized Controlled Trial of Stereotactic Body Radiation Therapy Versus Brachytherapy Boost"
NCT06239727,exclude,Title and description declare non-inferiority of reduced-dose vs conventional-dose radiotherapy on locoregional failure-free survival.,"an Open Label, Non-Inferiority, Multicenter, Randomized Phase 3 Trial"
NCT06241612,exclude,"De-escalation trial (smaller elective neck irradiation) whose hypothesis is less toxicity without reducing survival; non-inferiority is not named for this trial itself (the phrase cites an earlier trial), so this rests on the de-escalation design.","improve patients' quality of life, without reducing survival"
NCT06275958,exclude,Aim is PFS non-inferiority of upfront dose-reduced vs full-dose chemotherapy (also a dose comparison).,is non-inferior to full-dose treatment with regard to progression-free survival (PFS)
NCT06297772,unsure,"Adds decitabine to FB4 conditioning with DFS primary, but the record says only that it will assess whether Dec-FB4 is superior or noninferior; the primary hypothesis, margin and test order are missing.",to assess whether Dec-FB4 is superior or noninferior to FB4
NCT06323148,exclude,Aim is that observation has DFS non-inferior to adjuvant osimertinib in ctDNA-negative patients (de-escalation).,observation follow-up for patients with negative ctDNA after surgery has a prognosis non-inferior to osimertinib treatment
NCT06401330,exclude,"The randomised comparisons (VIVA vs DD-4A; Regimen MVI vs M) are non-inferiority on EFS, and the other strata are single-arm against historical controls.","To demonstrate the non-inferiority of vincristine, actinomycin, doxorubicin, cyclophosphamide, etoposide and irinotecan (Regimen MVI)"
NCT06442748,exclude,Non-inferiority trial of short vs long levetiracetam with seizure-free survival as primary (also not an anticancer efficacy comparison).,equal to or greater than the non-inferiority margin (1.47)
NCT06488482,exclude,Aim is to show 6 months of adjuvant immunotherapy is not inferior to 12 months on RFS and DMFS.,treatment in the experimental arm (6 months of immunotherapy) is not inferior to the treatment in the standard arm
NCT06492460,exclude,"Title declares non-inferiority of 2 vs 3 courses of concurrent cisplatin, failure-free survival primary.","A Multicenter, Randomized Controlled, Non-inferior Phase 3 Clinical Trial of 2 Courses of Concurrent Cisplatin Chemoradiotherapy Versus 3 Courses"
NCT06493552,unsure,Modular phase II/III with two cohorts: OS is tested for improvement in the MIBC cohort but for non-inferiority in the mUC cohort; the ruling depends on whether cohorts are scored separately and which one is the phase III part.,Non-inferior Overall Survival (OS) of sEphB4+Pembro vs. Control in mUC
NCT06509126,exclude,Hypothesis is that intermittent panitumumab + FOLFIRI gives time to treatment failure not inferior to continuous treatment.,resulting in a Time to Treatment Failure (TTF) not inferior to that obtained with standard continuous regimen
NCT06513065,exclude,Non-inferiority trial comparing two doses of mitomycin C HIPEC on DFS (also a dose comparison).,"HIPEC-PMP is a randomised, non-inferiority phase III trial with two parallel groups, designed to assess two doses of mitomycin C"
NCT06516133,exclude,"Title and summary declare non-inferiority of online adaptive radiotherapy with smaller margins vs conventional radiotherapy, locoregional recurrence-free survival primary.","an Open-label, Non-inferiority, Multicentre, Randomised Phase 3 Trial"
NCT06537154,exclude,"De-escalation pilot/phase III of active surveillance vs definitive bladder treatment whose phase III objective is to estimate 2-year MFS under surveillance, framed around non-inferiority; no superiority test is stated.",A prospective randomized trial is still lacking to ensure non-inferiority of active surveillance over the standard of care
NCT06554652,exclude,"Title and summary declare non-inferiority of selective vs modified neck dissection, local-regional recurrence-free survival primary.","A Randomized, Noninferiority Phase III Trial"
NCT06561763,exclude,"Title declares a non-inferiority design comparing TPC vs GP induction, 3-year EFS primary.","Multi Center, Open Label, Randomized Controlled, Non Inferiority Design, Phase III Clinical Study"
NCT06580314,exclude,Primary objective is PFS non-inferiority of one vs two years of maintenance olaparib (duration de-escalation).,(non-inferiority) for one versus (vs.) two years of maintenance olaparib
NCT06606730,exclude,"Summary declares non-inferiority of stopping vs continuing adjuvant pembrolizumab, RFS primary.","prospective, non-inferiority, two-arms, randomised (1:1), open-label, Phase III clinical study"
NCT06608381,exclude,Primary outcome is to verify non-inferiority of partial vs total omentectomy on 3-year RFS.,Verify the non-inferiority of partial omentectomy(omentum preservation) in 3-year relapse free survival(RFS)
NCT06641635,exclude,"Title and description declare non-inferiority of hypofractionated adaptive radiotherapy vs standard fractionation, PFS primary.","A Multicenter, Non-inferiority, Phase 3, Randomized Controlled Study of Moderated Hypofractionated Online Adaptive Radiotherapy"
NCT06671912,exclude,Primary objective and analysis are non-inferiority of low-dose tamoxifen vs standard endocrine therapy on recurrence-free interval.,a stratified log-rank test for non-inferiority will be used to assess whether RFI with low-dose tamoxifen is non-inferior
NCT06704945,exclude,Aim is that omitting axillary surgery is non-inferior to SLNB on 5-year DFS.,is non-inferior to performing SLNB in terms of 5-year disease-free survival
NCT06752239,exclude,"Title and summary declare non-inferiority of modified vs standard neck delineation, regional recurrence-free survival primary.","A Multicenter, Non-Inferiority, Open-Label, Randomized Controlled Phase III Clinical Trial"
NCT06764238,exclude,Primary outcome is EFS non-inferiority of a shorter blinatumomab schedule (Group B) vs Group A.,can result in noninferior event-free survival (EFS) compared to Group A
NCT06795503,exclude,Title declares a non-inferiority study of adjuvant chemotherapy regimens with iDFS primary; the record gives no further design detail.,Non-Inferiority Study on MRNA-lncRNA Model in Low-Risk Triple-Negative Breast Cancer Patients
NCT06876714,exclude,Primary objective is RFS non-inferiority of 6 vs 12 months of HER2 blockade (duration de-escalation).,results in a non-inferior recurrence-free survival (RFS) compared to 12 months of combined neo/adjuvant HER2 blockade
NCT06912698,exclude,Title and summary declare non-inferiority of reduced-dose vs standard-dose radiotherapy on locoregional relapse-free survival.,A Phase III Randomized Controlled Non-Inferiority Clinical Trial Comparing Reduced-Dose Versus Standard-Dose Radiotherapy
NCT06992648,exclude,Title and primary outcome declare PFS non-inferiority of trifluridine/tipiracil + regorafenib vs + bevacizumab.,"A Randomized, Controlled, Open-Label, Non-Inferiority Trial"
NCT07008716,exclude,"Summary declares a non-inferior trial of omitting the primary-tumour CTV, local PFS primary.",This randomized controlled non-inferior trial prospectively enrolled patients with limited-stage small cell lung cancer
NCT07021339,include,Primary objective is superiority of anterior temporal lobectomy on OS; non-inferiority applies only to the quality-of-life co-primary.,"primary objective is to demonstrate superiority of ATL in overall survival (OS), while confirming non-inferiority in health-related quality of life"
NCT07068464,include,"Stated as a superiority RCT on OS (interval vs delayed cytoreduction); 'non-inferiority' only describes earlier neoadjuvant trials, though note the hypothesis favours the arm labelled active comparator.",a pragmatic phase III superiority randomised controlled trial comparing overall survival
NCT07072000,exclude,"Title and summary declare non-inferiority of reduced vs standard CTV delineation, local relapse-free survival primary.","an Open-label, Non-inferiority, Multicenter, Randomized Phase III Trial"
NCT07097142,exclude,Primary objective is non-inferiority of ultra-hypofractionated vs hypofractionated radiotherapy on bladder-intact EFS.,with a 10% non-inferiority margin (from 50% to 40%) in the rate of bladder-intact event-free survival (BI-EFS)
NCT07153757,exclude,"Title and summary declare non-inferiority of 2-3 years vs 5 years of endocrine therapy, 5-year DFS primary.","A Prospective, Randomized, Open-label, Non-inferiority, Phase III Study"
NCT07154069,unsure,Two randomisations share the EFS primary: the low-risk one is non-inferiority (RT alone vs chemoradiotherapy) and the high-risk one is superiority (adding capecitabine); the ruling depends on whether the high-risk comparison can be scored on its own.,radiotherapy alone is non-inferior to concurrent chemoradiotherapy with respect to event-free survival
NCT07169903,exclude,Primary objective is non-inferiority of segmentectomy vs lobectomy on 5-year RFS and OS.,The non-inferiority of segmentectomy is primarily evaluated by 5-year relapse-free survival (RFS)
NCT07177443,exclude,"Title declares non-inferiority of omitting concurrent chemotherapy, EFS and OS primary.","A Multicenter, Open-Label, Randomized, Controlled, Phase III, Non-Inferiority Clinical Trial"
NCT07188584,exclude,"Title and summary declare non-inferiority of reduced-target vs full-target radiotherapy, 2-year PFS primary.","A Multicenter, Phase III Non-Inferiority Clinical Trial: Locoregional Volume-Reduction Versus Conventional Definitive Target IMRT"
NCT07201337,exclude,"Title declares non-inferiority of reduced-dose vs standard-dose prophylactic irradiation, locoregional relapse-free survival primary.","A Randomized, Open-Label, Non-Inferiority Phase III Multicenter Clinical Trial Comparing Reduced-Dose to Standard-Dose"
NCT07223190,exclude,Main objective is OS non-inferiority of subcutaneous vs intravenous blinatumomab (route comparison).,is non-inferior to continuous intravenous infusion (cIV) blinatumomab in conjunction with chemotherapy (Arm A) in overall survival (OS)
NCT07235319,exclude,"Title and summary declare non-inferiority of salvage vs immediate locoregional radiotherapy, OS primary.",Randomized Phase III Non-Inferiority Trial of PD-1 Inhibitor Plus Chemotherapy Followed by Immediate Versus Salvage Locoregional Radiotherapy
NCT07237256,exclude,"Title declares a non-inferiority trial of omitting adjuvant chemotherapy, iBCFS primary.","in the Adjuvant Setting, a Non-inferiority Phase III Trial"
NCT07256158,exclude,Primary outcome is that 20 Gy is not inferior to 30 Gy radiotherapy on PFS (dose de-escalation).,de-escalated ISRT dose (20 Gy) is not inferior to conventional ISRT dose (30 Gy) in terms of PFS
NCT07260435,exclude,"Main question and primary outcome are non-inferiority of stopping ARPI at 12 months vs continuing, on clinical PFS.",is non-inferior to continued ARPI therapy
NCT07268690,exclude,"Title declares non-inferiority of omitting level Va irradiation, regional failure-free survival primary.",A Phase III Randomized Non-Inferiority Trial
NCT07303023,exclude,"Title and description declare non-inferiority of individualized vs standard neck irradiation, neck recurrence-free survival primary.","A Non-inferiority, Phase III, Multicenter, Prospective, Randomized Controlled Trial"
NCT07320690,exclude,"Summary declares non-inferiority of de-escalated vs standard surgery, 3-year OS primary.","multicenter, randomized, open-label, non-inferiority clinical trial designed to evaluate whether downgraded surgery"
NCT07328841,exclude,Reduced-dose vs conventional-dose radiotherapy is judged on non-inferior 3-year PFS; superiority is sought only for toxicity and quality of life.,on the premise of ensuring non-inferior 3-year progression-free survival (PFS)
NCT07340567,unsure,Two cohorts with separate DFS primaries: ctDNA-negative is non-inferiority (capecitabine alone vs CAPOX) and ctDNA-positive is superiority (FOLFIRINOX vs FOLFOX); the ruling depends on whether the ctDNA-positive cohort can be scored on its own.,Non-inferiority of 6-month CAPE vs 3-month CAPOX ACT in terms of 3-year Disease Free Survival ctDNA-negative cohort
NCT07366528,exclude,"Title and summary declare non-inferiority of SOX vs docetaxel + S-1, 3-year DFS primary.","a Multicenter, Open-label, Phase 3, Randomized, Non-inferiority Study"
NCT07373990,exclude,"Title and summary declare non-inferiority of short-course vs long-course tislelizumab, failure-free survival primary.","A Randomized, Controlled, Multicenter, Phase 3 Non-inferiority Clinical Trial"
NCT07391774,exclude,Primary objective is iBCFS non-inferiority of endocrine therapy + CDK4/6 inhibitor without chemotherapy vs with chemotherapy.,is non-inferior to adjuvant chemotherapy followed by optimal endocrine therapy with CDK4/6 inhibitor
NCT07432087,exclude,"Summary declares a non-inferiority study of camrelizumab + cetuximab vs camrelizumab + chemotherapy, 2-year OS primary.","prospective, randomized, controlled, multicenter, non-inferiority clinical study"
NCT07432178,exclude,Primary goal is that the chemotherapy-free regimen is not inferior on 5-year iDFS.,the chemotherapy-free regimen is not inferior to the chemotherapy-containing regimen in terms of 5-year invasive disease-free survival
NCT07476729,unsure,"The extract contains no non-inferiority wording at all (the description is cut off at 3,000 characters) and states no hypothesis for the EFS/DFS primaries; the design replaces chemotherapy with immunotherapy, so the test type cannot be told without the full description.","by replacing toxic chemotherapy with targeted, less toxic immunotherapy strategies"
NCT07500701,exclude,"Title and summary declare non-inferiority of ultra-hypofractionated vs moderately hypofractionated salvage radiotherapy, 5-year biochemical PFS primary.","A Prospective, Multi-Center, Randomized Phase III Non- Inferiority Trial (HUB Trial)"
NCT07530887,exclude,"Description states a non-inferiority design for omitting re-excision, RFS primary.",The trial is designed as a non-inferiority study to compare relapse-free survival between re-excision and no re-excision
NCT07572123,exclude,"The phase III (standard-risk) PFS comparison is non-inferiority first, with superiority only as a possible follow-on; the pure superiority test belongs to the phase II high-risk cohort.",Demonstrate the non-inferiority (and possible superiority) in progression free survival (PFS)
NCT07590024,exclude,Primary objective is non-inferiority of RAIRI-guided omission of adjuvant therapy on 3-year failure-free survival.,non-inferior to standard adjuvant therapy with respect to 3-year failure-free survival
NCT07615751,exclude,"Title and summary declare non-inferiority of a chemotherapy-free oral regimen vs docetaxel-containing regimen, PFS primary.","A Multicenter, Non-Inferiority, Randomized Phase III Clinical Study"
NCT07617389,exclude,"Summary declares a noninferiority trial of selective node sampling vs systematic dissection, 2-year EFS primary.","multicenter, open-label, randomized, parallel, noninferiority investigator-initiated trial"
NCT07661771,exclude,"Title and description declare non-inferiority of margin-based vs consensus CTV delineation, local relapse-free survival primary.","A Non-Inferiority, Multicenter, Randomized Phase 3 Trial"
NCT07706985,exclude,"Title and summary declare non-inferiority of the immune-sandwich regimen (concurrent immunotherapy omitted) vs full-course immunotherapy, EFS primary.","A Multicenter, Randomized, Open-Label, Non-Inferiority Phase III Clinical Study"
NCT07788001,exclude,"Title and summary declare non-inferiority of sentinel-node-only vs systematic lymph node dissection, 3-year DFS primary.","a Multicenter, Prospective, Non-inferiority Randomized Controlled Trial"
NCT07827872,include,"Title and summary declare a superiority trial (neoadjuvant sintilimab + chemotherapy vs upfront surgery, EFS primary); 'not inferior' only describes earlier sentinel-node studies.","A Multicenter, Randomized Controlled, Open-Label, Superiority, Phase III Clinical Trial"
