nct,brief_title,exclusion_review,primary_outcomes,proposed_decision,proposed_reason,quote,decision,reason
NCT01398085,IoN- Is Ablative Radio-iodine Necessary for Low Risk Differentiated Thyroid Cancer Patients,non-inferiority mentioned,Phase II: monthly patient accrual rates | Phase III: Disease-free thyroid specific survival,exclude,Phase III aim is to show that omitting radio-iodine ablation gives non-inferior 5-year disease-free survival (de-escalation).,do not have routine Radioactive iodine (RAI) ablation is non-inferior to those who do,,
NCT02097459,Prognostic Evaluation of Changing Endocrine Therapy in Women With Breast Cancer,non-inferiority mentioned,Disease free survival | Overall Survival,exclude,Summary calls it a non-inferior trial of switching SERM to AI with DFS/OS as primary outcomes; no superiority hypothesis is stated (record is thin and the arm labels are unclear).,"This is a prospective, randomized and non-inferior trial",,
NCT02135042,Individualized Treatment in Treating Patients With Stage II-IVB Nasopharyngeal Cancer Based on EBV DNA,non-inferiority mentioned,Progression-free survival (PFS) (Detectable Plasma Epstein Barr virus [EBV] deoxyribonucleic acid [DNA] Cohort Phase II) | Overall survival (OS) (Undetectable Plasma EBV DNA Cohort Phase III),exclude,The phase III comparison (undetectable EBV DNA: observation vs adjuvant PF) tests non-inferior OS; the superiority PFS test belongs only to the randomised phase II cohort.,will result in non-inferior overall survival as compared with those patients receiving adjuvant CDDP and 5-FU chemotherapy,,
NCT02166788,Evaluation of Groin Lymphadenectomy Extent For Metastatic Melanoma,non-inferiority mentioned,"The primary endpoint of the study will be Disease Free Survival following lymphadenectomy, assessed after 60 months of follow-up.",exclude,"Design is stated as non-inferiority, with the hypothesis of no DFS difference between inguinal and ilio-inguinal lymphadenectomy.","multi-centre, non-inferiority, phase III, prospective, randomised clinical trial comparing IL or I-IL",,
NCT02215265,Post-operative Adjuvant Treatment for HPV-positive Tumours (PATHOS),non-inferiority mentioned,MDADI/Overall survival co-primary endpoint,exclude,The time-to-event co-primary (OS) is tested for non-inferiority of reduced-intensity adjuvant treatment; superiority applies only to the swallowing (MDADI) co-primary.,To demonstrate the non-inferiority of reducing the intensity of adjuvant treatment protocols in terms of overall survival,,
NCT03117751,Total Therapy XVII for Newly Diagnosed Patients With Acute Lymphoblastic Leukemia and Lymphoma,non-inferiority mentioned,Event-free survival of ALL patients (EFS) | Proportion of patients with CEP72TT genotype who develop two or more episodes of Grade 2 or higher neuropathy during Continuation | Cumulative incidence of Grade 2 or higher neuropathy in patients with CEP72 CC or CT genotype,exclude,"Primary EFS is compared with a historical control (TOTXVI), not between randomised arms; the randomisations concern vincristine neuropathy and non-inferiority is a secondary aim.",compared historically with those of the St. Jude Children's Research Hospital's (SJCRH) TOTXVI study,,
NCT03303495,A Study of 2nd-line FOLFIRI ± Bevacizumab vs. Irinotecan ± Bevacizumab in mCRC,non-inferiority mentioned,Progression-free survival (PFS),exclude,"Summary states the primary purpose is non-inferiority of FOLFIRI vs irinotecan (worded for OS, although the registered primary endpoint is PFS).",to determine the non-inferiority of overall survival FOLFIRI with or without Bevacizumab compared with Irinotecan,,
NCT03366415,Sequential or Concurrent Chemoradiotherapy in Patients With Locoregionally Advanced NPC,non-inferiority mentioned,Failure-free survival | Grade III or more mucositis,exclude,"Official title declares a non-inferiority trial of sequential vs concurrent chemoradiotherapy, with failure-free survival as primary endpoint.",Non-inferiority Prospective Randomized Trial Comparing Sequential Chemoradiotherapy With Concurrent Chemoradiotherapy,,
NCT03399110,XELOX for 4 Months Versus 6 Months in Gastric Cancer (LOMAC),non-inferiority mentioned,DFS,exclude,Hypothesis is that 4 months of XELOX is non-inferior to 6 months for DFS (duration de-escalation).,4-month regimen of capecitabine plus oxaliplatin is noninferior to a 6-month regimen with respect to DFS,,
NCT03503136,Nedaplatin Versus Cisplatin and Capecitabine Versus Fluorouracil in IC + CCRT for Locoregionally Advanced NPC,non-inferiority mentioned,Progression-free survival,exclude,"Title and summary declare a non-inferiority factorial trial (nedaplatin vs cisplatin, capecitabine vs fluorouracil) with PFS as primary endpoint.","a Phase 3, Multicentre, Non-inferiority, Randomised Factorial Trial",,
NCT03529279,CNG Staging Compared With 8th UICC of NPC for Treatment Decision-marking and Selection of Chemotherapy and Radiotherapy,non-inferiority mentioned,Overall Survival (OS),exclude,Title declares non-inferiority; the aim is that OS under CNG-staging-guided treatment is not inferior to UICC/NCCN-guided treatment.,"a Multicenter, Open Label, Randomized Controlled, Non-inferiority Clinical Trial",,
NCT03801876,Comparing Proton Therapy to Photon Radiation Therapy for Esophageal Cancer,non-inferiority mentioned,"Overall survival (OS) | Incidence of specific grade 3+ cardiopulmonary adverse events (AEs) that are definitely, probably, or possibly related to protocol treatment",unsure,OS has two primary objectives - (I) proton therapy improves OS and (II) OS is non-inferior with less cardiopulmonary toxicity - and the record does not say which governs or whether they are tested in a hierarchy (leaning include: objective I and the log-rank test are superiority).,To determine if OS with PBT is non-inferior to IMRT as part of planned protocol treatment,,
NCT03836014,"Study Comparing Continuous Versus Fixed Duration Therapy With Daratumumab, Lenalidomide, and Dexamethasone for Relapsed Multiple Myeloma",non-inferiority mentioned,overall survival,exclude,"Stated as a non-inferiority trial of fixed 24-month vs continuous Dara-Len-Dex, with OS at 4 years as primary endpoint.","propose to conduct a non-inferiority phase III randomized, multicenter, open label trial",,
NCT03837808,Radiotherapy Plus Concurrent Nimotuzumab or Cisplatin in Stage II-III Nasopharyngeal Carcinoma,non-inferiority mentioned,Progress-free survival (PFS),exclude,"Official title declares a non-inferiority study of nimotuzumab vs cisplatin with radiotherapy, PFS primary.",A Randomized Phase III Non-inferiority Study of Radiotherapy Plus Concurrent Nimotuzumab Versus Cisplatin,,
NCT03871257,A Study of the Drugs Selumetinib Versus Carboplatin/Vincristine in Patients With Neurofibromatosis and Low-Grade Glioma,non-inferiority mentioned,Event-free survival (EFS) | Number of participants with visual acuity (VA) improvement per arm,exclude,Primary objective I tests EFS non-inferiority of selumetinib vs carboplatin/vincristine; superiority applies only to the visual-acuity co-primary.,event-free survival (EFS) is non-inferior to treatment with carboplatin/vincristine sulfate (vincristine) (CV),,
NCT03875781,Non Inferiority Study of Preoperative Chemotherapy Without Pelvic Irradiation for Rectal Cancer,non-inferiority mentioned,Survival,exclude,Title and sample-size text declare non-inferiority of preoperative chemotherapy alone vs chemotherapy plus chemoradiotherapy on 3-year PFS.,Non Inferiority Multicenter Phase III Randomized Trial Comparing Preoperative Chemotherapy Only to Chemotherapy Followed by Chemoradiotherapy,,
NCT04073706,Sentinel Node Biopsy in Endometrial Cancer,non-inferiority mentioned,Stage 1: Return to usual activities | Stage 2: Disease Free Survival,exclude,Stage 2 primary outcome (DFS at 4.5 years) is a non-inferiority comparison of sentinel node biopsy vs no node dissection; the stage 1 primary is not time-to-event.,Treatment non-inferiority as evaluated by disease-free survival status at 4.5 years post-surgery,,
NCT04095364,"Letrozole With or Without Paclitaxel and Carboplatin in Treating Patients With Stage II-IV Ovarian, Fallopian Tube, or Primary Peritoneal Cancer",non-inferiority mentioned,Progression-free survival (PFS),exclude,Primary objective is PFS non-inferiority of letrozole alone vs chemotherapy plus letrozole (chemotherapy omission).,is non-inferior to intravenous (IV) paclitaxel/carboplatin and maintenance letrozole (CT/L) with respect to progression-free survival,,
NCT04166409,A Study of the Drugs Selumetinib vs. Carboplatin and Vincristine in Patients With Low-Grade Glioma,non-inferiority mentioned,Event-free survival (EFS),exclude,Title and primary objective declare EFS non-inferiority of selumetinib vs carboplatin/vincristine.,A Phase 3 Randomized Non-Inferiority Study of Carboplatin and Vincristine Versus Selumetinib,,
NCT04178174,Stereotactic Boost and Short-course Radiation Therapy for Oropharynx Cancer,non-inferiority mentioned,Progression free survival,exclude,"Description states a non-inferiority trial of short-course SABR-boost de-escalated chemoradiation vs standard chemoradiation, PFS primary.",This is an open label randomized phase III non inferiority trial.,,
NCT04333537,Comparing Sentinel Lymph Node (SLN) Biopsy With Standard Neck Dissection for Patients With Early-Stage Oral Cavity Cancer,non-inferiority mentioned,Patient-reported neck and shoulder function (Phase II/III) | Patient reported quality of life (QOL) (Phase II) | Disease-free survival (DFS) (phase III),exclude,The phase III time-to-event primary (DFS) tests non-inferiority of sentinel node biopsy vs elective neck dissection; superiority is for the NDII function endpoint.,disease-free survival (DFS) is non-inferior with SLN biopsy compared to END,,
NCT04384627,Reducing Target Volumes in NPC Treated With Induction Chemotherapy Followed by Concurrent Chemoradiotherapy,non-inferiority mentioned,Relapse-free survival (RFS),exclude,"Title declares a non-inferiority trial of reduced (post-induction) target volumes, relapse-free survival primary.","A Phase 3, Multicentre, Non-inferiority, Randomised Controlled Trial",,
NCT04437329,Nedaplatin Versus Cisplatin in Treatment for Nasopharyngeal Carcinoma,non-inferiority mentioned,Progress-Free Survival (PFS),exclude,"Title and description declare a non-inferiority trial of nedaplatin vs cisplatin, PFS primary.","Prospective, Parallel, Randomized, Open Labeled, Phase III Non-Inferiority Clinical Study",,
NCT04456322,Radiotherapy Plus Nimotuzumab or Cisplatin in Nasopharyngeal Carcinoma,non-inferiority mentioned,Progression-Free Survival (PFS),exclude,"Title and summary declare non-inferiority of radiotherapy plus nimotuzumab vs radiotherapy plus cisplatin, PFS primary.",A Randomized Non-inferiority Trial of Radiotherapy Plus Nimotuzumab or Cisplatin,,
NCT04460352,Chemoradiotherapy Followed by Planned Surgery or by Surveillance and Surgery Only When Needed for Oesophageal Cancer,non-inferiority mentioned,Overall survival | Global Health-related quality of life (HRQOL) | Eating restrictions,exclude,The OS co-primary is tested for non-inferiority of definitive chemoradiotherapy with salvage surgery as needed vs planned surgery.,non-inferiority design with regard to the first co-primary endpoint overall survival,,
NCT04575935,"Minimally Invasive Surgery After Neoadjuvant Chemotherapy for the Treatment of Stage IIIC-IV Ovarian, Primary Peritoneal, or Fallopian Tube Cancer, LANCE Trial",non-inferiority mentioned,Disease free survival (DFS),exclude,Primary objective is DFS non-inferiority of minimally invasive surgery vs laparotomy.,MIS is non-inferior to laparotomy in terms of disease free survival (DFS),,
NCT04646759,Fulvestrant or Capecitabine Combined With Pyrotinib in HR+/HER2+ Metastatic Breast Cancer,non-inferiority mentioned,Progression free survival | Incidence of grade 3 hand foot syndrome (rate),exclude,Fulvestrant plus pyrotinib vs capecitabine plus pyrotinib is tested against a non-inferiority margin for PFS.,with a non-inferiority cut-off value of HR = 1.30,,
NCT04909684,Dose Tapering and Early Discontinuation to InCreAse cosT-effectIveness Of Immunotherapy for NSCLC,non-inferiority mentioned,One-year overall survival rate,exclude,"Primary objective is OS non-inferiority of reduced-dose (75%) vs full-dose pembrolizumab, which is also a dose comparison.",to investigate the non-inferiority of pembrolizumab 75% versus pembrolizumab 100% in terms of overall survival,,
NCT04989647,Intermediate Risk Cervical Cancer: Radical Surgery +/- Adjuvant Radiotherapy,non-inferiority mentioned,Disease-free survival,exclude,"Sample size is built on a non-inferiority margin for DFS of surgery alone vs surgery plus adjuvant (chemo)radiation, although the summary also speaks of a DFS benefit.",with non-inferiority margin of 5% to test the difference between the ARMs,,
NCT05037279,Evaluating Safety and Efficacy of Verity-BCG in BCG-naïve Patients With Intermediate and High-risk Non-muscle Invasive Bladder (NMIBC),non-inferiority mentioned,Recurrence Free Survival (RFS) at 24 months,exclude,Title and description declare non-inferiority of Verity-BCG vs OncoTICE on 24-month recurrence-free survival.,Phase III Non-inferiority Study Assessing Efficacy and Safety of VERITY-BCG,,
NCT05050162,Comparing Cisplatin Every Three Weeks to Cisplatin Weekly When Combined With Radiation for Patients With Advanced Head and Neck Cancer,non-inferiority mentioned,Incidence of acute toxicity (Phase II) | Overall survival (OS) (Phase III) | Incidence of acute toxicity (Phase III),exclude,The phase III time-to-event primary (OS) tests non-inferiority of weekly vs three-weekly cisplatin; superiority is for acute toxicity.,cisplatin weekly is non-inferior to radiation with cisplatin every 3 weeks in terms of overall survival (OS),,
NCT05078047,Study Comparing the Standard Administration of IO Versus the Same IO Administered Each 3 Months in Patients in Response After 6 Months of Standard IO,non-inferiority mentioned,Progression-free survival (PFS),exclude,Hypothesis is PFS non-inferiority of reduced dose-intensity (3-monthly) immunotherapy vs standard schedule.,If our hypothesis of non-inferiority of PFS with a reduced dose intensity of IO is verified,,
NCT05145660,Optimization of Cervical Nodal CTV for Early and Medium Stage NPC,non-inferiority mentioned,Regional-recurrence-free survival,exclude,"Title and description declare a non-inferiority trial of involved-site vs elective-region nodal irradiation, regional-recurrence-free survival primary.",a Multicenter Non-inferior Randomized Controlled Phase III Clinical Trial,,
NCT05250843,TACE/HAIC Combined With Lenvatinib and Sintilimab in Neoadjuvant Therapy for Intermediate-stage HCC,non-inferiority mentioned,Recurrence-free Survival,include,Trial aims to show superiority of neoadjuvant TACE/HAIC + lenvatinib + sintilimab over direct hepatectomy on RFS; 'non-inferior' only describes the earlier lenvatinib-vs-sorafenib result.,to demonstrate the superiority of TACE/HAIC combined with PD-1 antibody and lenvatinib as a neoadjuvant therapy,,
NCT05255653,Refining Adjuvant Treatment IN Endometrial Cancer Based On Molecular Features,non-inferiority mentioned,Recurrence-free survival,include,"The non-inferiority wording describes a separately registered sibling trial (NSMP-ORANGE); this record (MMRd-GREEN) adds durvalumab to radiotherapy vs standard, though it does not spell out its own hypothesis.","The NSMP-ORANGE trial (NCT07831902) is an international, multicenter, non-inferiority phase III randomised trial",,
NCT05304468,Reduced-dose Versus Standard Dose Radiotherapy for Nasopharyngeal Carcinomain,non-inferiority mentioned,PFS (progression-free survival),exclude,"Title declares non-inferiority of reduced-dose vs standard-dose radiotherapy, 2-year PFS primary.",Phase III Randomized Non-inferiority Trial of Reduced-dose Versus Standard Dose Radiotherapy,,
NCT05388500,Protocol for Herceptin as Adjuvant Therapy With Reduced Exposure to Chemotherapy (PHARE-C),non-inferiority mentioned,Time to progression,exclude,Primary objective is non-inferiority of trastuzumab alone vs trastuzumab plus paclitaxel on time to progression.,Non-inferiority between the two treatment arms will be evaluated in terms of time to progression,,
NCT05411237,Paclitaxel and Pegylated Liposomal Doxorubicin for Treatment of HIV-related Kaposi Sarcoma,non-inferiority mentioned,Progression Free Survival at 48 weeks,exclude,"Title declares non-inferiority of paclitaxel vs pegylated liposomal doxorubicin, PFS at 48 weeks primary.","A Phase III, Randomized, Open-Label, Non-Inferiority Study of Paclitaxel and Pegylated Liposomal Doxorubicin",,
NCT05440149,The Postoperative Radiotherapy in N1 Breast Cancer Patients,non-inferiority mentioned,Disease-Free Survival,exclude,"Summary states a non-inferiority study of omitting PMRT/regional radiotherapy, 7-year DFS primary.",This is a non-inferiority study aiming that there is no significant difference in the 7-year disease-free survival rate,,
NCT05476432,HAIC With One-day FOLFOX vs. HAIC With Two-day FOLFOX for Unresectable HCC: a Non-inferiority Study,non-inferiority mentioned,Overall survival,exclude,"Title declares a non-inferiority study of one-day vs two-day FOLFOX-HAIC, OS primary.",HAIC With One-day FOLFOX vs. HAIC With Two-day FOLFOX for Unresectable HCC: a Non-inferiority Study,,
NCT05484024,Short-course Radiotherapy Followed by Chemotherapy and PD-1 Inhibitor for Locally Advanced Rectal Cancer,non-inferiority mentioned,complete remission | Disease-free survival rate,include,Add-on design (PD-1 inhibitor added to short-course radiotherapy and chemotherapy) expected to work better; 'non-inferior' only describes the earlier STELLAR trial.,were shown to be non-inferior to standard long-course chemoradiotherapy in our previous STELLAR study,,
NCT05489848,Chemotherapy vs Chemoradiotherapy for Post-operative Endometrial Cancer Patients With P53-mutation,non-inferiority mentioned,the 2-year progression-free survival(PFS),exclude,"Title and description declare non-inferiority of chemotherapy alone vs chemoradiotherapy, 2-year PFS primary.",a Non-inferiority Randomized Controlled Trial,,
NCT05519956,Elective Level Ib Irradiation in Nasopharyngeal Carcinoma Patients Based on the International Guidelines,non-inferiority mentioned,Regional relapse-free survival | level Ib recurrence rate,exclude,"Title and summary declare a non-inferiority trial of level Ib-sparing vs level Ib-covering IMRT, regional relapse-free survival primary.","an Open-label, Non-inferiority, Multicentre, Randomised Phase 3 Trial",,
NCT05538663,Intravesical BCG vs GEMDOCE in NMIBC,non-inferiority mentioned,Event-Free Survival,exclude,Study hypothesis is non-inferior event-free survival with gemcitabine + docetaxel vs BCG.,will result in a non-inferior event-free survival (EFS) compared to standard treatment with intravesical BCG,,
NCT05547529,The Efficacy of Neoadjuvant Chemoradiotherapy in Comparison With Neoadjuvant Chemotherapy in Patients With Resectable Squamous Cell Esophageal Cancer,non-inferiority mentioned,Disease-free survival,exclude,"Summary states a non-inferiority study of neoadjuvant chemotherapy vs chemoradiotherapy, DFS primary.",This is non-inferiority study (neoadjuvant chemoradiotherapy has no advantage over neoadjuvant chemotherapy),,
NCT05665348,Study Evaluating the Benefit of Adding Ipilimumab to the Combination of Atezolizumab and Bevacizumab in Patients With Hepatocellular Carcinoma Receiving First-line Systemic Therapy,non-inferiority mentioned,Objective response of treatment (Phase II) | Overall survival (Phase III),include,Add-on trial testing the benefit of ipilimumab added to atezolizumab-bevacizumab on OS; 'non-inferiority' only describes the historical REFLECT trial.,was at least equivalent to sorafenib in 1L in the REFLECT non-inferiority trial,,
NCT05674305,Radiotherapy Alone Versus Concurrent Chemo-radiotherapy for Nasopharyngeal Carcincoma Patients With Undectable EBV DNA After One Cylce Neoadjuvant Chemotherpy,non-inferiority mentioned,Progression-free survival,exclude,"Title and summary declare non-inferiority of radiotherapy alone vs concurrent chemoradiotherapy (chemotherapy omission), PFS primary.","A Multicenter, Randomized, Non-inferior Phase III Study of Radiotherapy Alone Versus Concurrent Chemo-radiotherapy",,
NCT05675410,"A Study to Compare Standard Therapy to Treat Hodgkin Lymphoma to the Use of Two Drugs, Brentuximab Vedotin and Nivolumab",non-inferiority mentioned,Progression-free survival (PFS) in rapid early responder (RER) patients | PFS in slow-early responder (SER) patients,include,"Both primary outcomes are PFS compared by a 1-sided log-rank test (immunotherapy vs standard); non-inferiority is listed only under secondary objectives, for OS.",To demonstrate non-inferiority of overall survival (OS) at 12 years of IO therapy versus standard therapy,,
NCT05692999,Maintenance Pembrolizumab at Usual or Low doSE in Non-squamous Lung Cancer: a Non-inferiority Study,non-inferiority mentioned,Overall survival,exclude,"Title and summary declare non-inferiority of 6-weekly vs standard pembrolizumab maintenance, OS primary.",Pulse is a randomized non-inferiority phase III clinical trial,,
NCT05772208,Intensified Treatments for Patients With Locally Advanced Nasopharyngeal Carcinoma With Detectable EBV DNA After One Cycle GP Regime Neoadjuvant Chemotherapy,non-inferiority mentioned,Progression-free survival,include,Intensification add-on design whose stated question is whether adding camrelizumab or nimotuzumab improves outcomes (PFS primary); the 'non-inferior' label in the summary conflicts with this and looks carried over from the sibling de-escalation trial NCT05674305.,improve the treatment outcomes in the relatively poor prognostic patients,,
NCT05776758,Role of NAC in cT0 Muscle-invasive Bladder Cancer After Maximal TURBt,non-inferiority mentioned,"To demonstrate the non-inferiority of radical cystectomy (RC) alone versus neoadjuvant chemotherapy plus RC on 2 years Overall Survival (OS) rates, defined as the length of time from surgery until death from any cause.",exclude,Primary outcome is OS non-inferiority of cystectomy alone vs neoadjuvant chemotherapy plus cystectomy.,To demonstrate the non-inferiority of radical cystectomy (RC) alone versus neoadjuvant chemotherapy plus RC on 2 years Overall Survival (OS) rates,,
NCT05780372,Reduced Volume of Neck Prophylactic Irradiation in Nasopharyngeal Carcinoma,non-inferiority mentioned,Regional recurrence-free survival,exclude,"Title and summary declare non-inferiority of reduced vs conventional neck prophylactic irradiation, regional recurrence-free survival primary.","a Multi-center, Non-inferiority, Open-label, Randomized Controlled Phase III Clinical Trial",,
NCT05812807,Pembrolizumab vs. Observation in People With Triple-negative Breast Cancer Who Had a Pathologic Complete Response After Chemotherapy Plus Pembrolizumab,non-inferiority mentioned,Recurrence-free survival (RFS),exclude,Primary objective is RFS non-inferiority of observation vs adjuvant pembrolizumab (de-escalation).,whether observation results in a non-inferior recurrence-free survival (RFS) compared to adjuvant pembrolizumab,,
NCT05815082,ctDNA-guided Adjuvant Chemotherapy in Liver Metastasis of Colorectal Cancer,non-inferiority mentioned,3-year progression-free survival | 5-year progression-free survival,exclude,Main question is PFS non-inferiority of watch-and-wait vs adjuvant chemotherapy in ctDNA-negative patients.,is non-inferior to adjuvant chemotherapy in postoperative ctDNA-negative resectable colorectal cancer liver metastasis patients,,
NCT05884398,A Study of an Intermittent ADT Approach With Apalutamide Monotherapy in Participants With mCSPC,non-inferiority mentioned,Percentage of Participants With 18-Months Radiographic Progression-free Survival (rPFS) | Percent Change From Randomization in Severity of Adjusted Hot Flash Score at 18 Months,exclude,Purpose is non-inferior rPFS with intermittent vs continuous ADT (de-escalation).,provides non-inferior radiographic progression-free survival (rPFS),,
NCT05929768,Shorter Chemo-Immunotherapy Without Anthracycline Drugs for Early-Stage Triple Negative Breast Cancer,non-inferiority mentioned,Breast cancer event-free survival (BC-EFS),exclude,Primary objective is non-inferior breast cancer EFS with shorter anthracycline-free chemo-immunotherapy.,have non-inferior breast cancer event-free survival (BC-EFS),,
NCT05980715,PD-1 Inhibitor Therapy Versus Radiotherapy in pCR Patients With Locally Advanced HNSCC After Neoadjuvant Immunochemotherapy,non-inferiority mentioned,Overall survival(OS) | The percentage of Grade 3 and 4 adverse reactions in NCI-CTC AE 5.0 and RTOG,exclude,"Title declares non-inferiority of PD-1 inhibitor vs adjuvant radiotherapy, 5-year OS primary.","A Randomized Controlled, Non-inferior, Phase III Study of PD-1 Inhibitor Therapy Versus Radiotherapy",,
NCT05993559,Necessity of Post-mastectomy Radiotherapy After Neoadjuvant Chemotherapy and Mastectomy,non-inferiority mentioned,5 year invasive disease free survival (iDFS),exclude,Purpose is to confirm that omitting post-mastectomy radiotherapy is non-inferior on 5-year DFS.,omitting radiotherapy is non-inferior to post-mastectomy radiotherapy (PMRT) in terms of 5-year disease-free survival (DFS),,
NCT06044623,Implementing Geriatric Assessment for Dose Optimization of Cyclin-dependent Kinase (CDK) 4/6-inhibitors in Older Breast Cancer Patients,non-inferiority mentioned,Time to treatment failure,exclude,"Non-inferiority trial of reduced vs full starting dose of CDK4/6 inhibitor (a dose comparison), with time to treatment failure as primary.","multicenter, open-label, prospective, randomized-controlled, non-inferiority trial with a pragmatic approach",,
NCT06136559,A Study of Nemtabrutinib (MK-1026) Versus Comparator (Investigator's Choice of Ibrutinib or Acalabrutinib) in First Line (1L) Chronic Lymphocytic Leukemia (CLL)/ Small Lymphocytic Lymphoma (SLL) (MK-1026-011/BELLWAVE-011),non-inferiority mentioned,Objective Response Rate (ORR) per Chronic Lymphocytic Leukemia (iwCLL) Criteria 2018 as assessed by Blinded Independent Central Review (BICR) | Progression-Free Survival (PFS) per iwCLL Criteria 2018 as assessed by BICR,include,The time-to-event primary (PFS by BICR) is tested for superiority; non-inferiority applies only to the ORR primary hypothesis.,(2) nemtabrutinib is superior to ibrutinib or acalabrutinib with respect to progression free survival (PFS),,
NCT06156514,Evaluation of Concomitant Chemo-radiotherapy With Cisplatine vs Gemcitabin in Locally Advanced Cervicouterine Cancer,non-inferiority mentioned,"To assess the efficacy of concomitant chemoradiotherapy with gemcitabine versus cisplatin in patients with locally advanced cervical cancer (stages IB2-IVA), who have comorbidities and preserved renal function, with progression-free survival rate.",exclude,"Description states a non-inferiority trial of gemcitabine vs cisplatin chemoradiotherapy, PFS primary.","This is a phase III clinical trial, open, randomized 1: 1, controlled, noninferiority, in a single hospital center.",,
NCT06182774,Fixed Duration vs Continuous Anti-CD38 Antibody Therapy Among Transplant Ineligible Older Adults With Newly-Diagnosed Multiple Myeloma,non-inferiority mentioned,Progression-Free Survival,exclude,"Title declares non-inferiority of fixed-duration vs continuous anti-CD38 therapy, PFS primary.",A Phase III Non-Inferiority Randomized Controlled Trial of Fixed Duration Versus Continuous Anti-CD38 Antibody Therapy,,
NCT06235697,Androgen Suppression Combined With Nodal Irradiation and Dose Escalated Prostate Treatment,non-inferiority mentioned,"To compare the progression-free survival (PFS) of SBRT versus conventional EBRT plus brachytherapy boost defined as time to biochemical failure, initiation of salvage therapy, local-regional recurrence, distant progression, or death",exclude,"Title declares non-inferiority of SBRT vs brachytherapy boost, PFS primary.","A Non-Inferiority, Phase III Randomized Controlled Trial of Stereotactic Body Radiation Therapy Versus Brachytherapy Boost",,
NCT06239727,Reduced-dose Radiotherapy for Stage III Nasopharyngeal Carcinoma Based on the Treatment Response,non-inferiority mentioned,Locoregional failure-free survival (LRFFS),exclude,Title and description declare non-inferiority of reduced-dose vs conventional-dose radiotherapy on locoregional failure-free survival.,"an Open Label, Non-Inferiority, Multicenter, Randomized Phase 3 Trial",,
NCT06241612,Individualized Elective Neck Irradiation in NPC Patients,non-inferiority mentioned,Regional relapse-free survival,exclude,"De-escalation trial (smaller elective neck irradiation) whose hypothesis is less toxicity without reducing survival; non-inferiority is not named for this trial itself (the phrase cites an earlier trial), so this rests on the de-escalation design.","improve patients' quality of life, without reducing survival",,
NCT06275958,DOSAGE Study: Upfront Dose-Reduced Chemotherapy in Older Patients with Metastatic Colorectal Cancer,non-inferiority mentioned,Progression-Free Survival,exclude,Aim is PFS non-inferiority of upfront dose-reduced vs full-dose chemotherapy (also a dose comparison).,is non-inferior to full-dose treatment with regard to progression-free survival (PFS),,
NCT06297772,Compare the Efficacy and Safety of Dec-FB4 and FB4 as Conditioning Regimen for AML-MR,non-inferiority mentioned,disease-free survival,unsure,"Adds decitabine to FB4 conditioning with DFS primary, but the record says only that it will assess whether Dec-FB4 is superior or noninferior; the primary hypothesis, margin and test order are missing.",to assess whether Dec-FB4 is superior or noninferior to FB4,,
NCT06323148,Adjuvant Target Therapy Guided by ctDNA-MRD in Patients With EGFR-mutant II-IIIA Non-small Cell Lung Cancer (ECTOP-1022),non-inferiority mentioned,The 3-year Disease-Free Survival (DFS) rate between the observation group and the osimertinib treatment group.,exclude,Aim is that observation has DFS non-inferior to adjuvant osimertinib in ctDNA-negative patients (de-escalation).,observation follow-up for patients with negative ctDNA after surgery has a prognosis non-inferior to osimertinib treatment,,
NCT06401330,A Study Using Risk Factors to Determine Treatment for Children With Favorable Histology Wilms Tumors (FHWT),non-inferiority mentioned,Event-free survival (EFS),exclude,"The randomised comparisons (VIVA vs DD-4A; Regimen MVI vs M) are non-inferiority on EFS, and the other strata are single-arm against historical controls.","To demonstrate the non-inferiority of vincristine, actinomycin, doxorubicin, cyclophosphamide, etoposide and irinotecan (Regimen MVI)",,
NCT06442748,Short Versus Long-term Levetiracetam in Brain Tumors,non-inferiority mentioned,2-year seizure free survival,exclude,Non-inferiority trial of short vs long levetiracetam with seizure-free survival as primary (also not an anticancer efficacy comparison).,equal to or greater than the non-inferiority margin (1.47),,
NCT06488482,Assessment of Short Immunotherapy After Radical Surgery of High-risk Malignant Melanoma,non-inferiority mentioned,DMFS | RFS,exclude,Aim is to show 6 months of adjuvant immunotherapy is not inferior to 12 months on RFS and DMFS.,treatment in the experimental arm (6 months of immunotherapy) is not inferior to the treatment in the standard arm,,
NCT06492460,2 Courses of Concurrent Cisplatin Chemoradiotherapy After Surgery for High-risk Head and Neck Squamous Cell Carcinoma,non-inferiority mentioned,Failure-free survival (FFS),exclude,"Title declares non-inferiority of 2 vs 3 courses of concurrent cisplatin, failure-free survival primary.","A Multicenter, Randomized Controlled, Non-inferior Phase 3 Clinical Trial of 2 Courses of Concurrent Cisplatin Chemoradiotherapy Versus 3 Courses",,
NCT06509126,Intermittent or Continuous Panitumumab Plus FOLFIRI for Left Sided RAS/B-RAF Wild-type Metastatic Colorectal Cancer,non-inferiority mentioned,Time to Treatment Failure,exclude,Hypothesis is that intermittent panitumumab + FOLFIRI gives time to treatment failure not inferior to continuous treatment.,resulting in a Time to Treatment Failure (TTF) not inferior to that obtained with standard continuous regimen,,
NCT06513065,Study to Evaluate the Non-inferiority of Low-dose HIPEC Versus High-dose HIPEC in the Treatment of PMP (HIPEC-PMP),non-inferiority mentioned,Disease Free Survival,exclude,Non-inferiority trial comparing two doses of mitomycin C HIPEC on DFS (also a dose comparison).,"HIPEC-PMP is a randomised, non-inferiority phase III trial with two parallel groups, designed to assess two doses of mitomycin C",,
NCT06516133,Online Adaptive Radiotherapy for Nasopharyngeal Carcinoma,non-inferiority mentioned,Locoregional recurrence-free survival,exclude,"Title and summary declare non-inferiority of online adaptive radiotherapy with smaller margins vs conventional radiotherapy, locoregional recurrence-free survival primary.","an Open-label, Non-inferiority, Multicentre, Randomised Phase 3 Trial",,
NCT06537154,NEO-BLAST: Neoadjuvant Therapy for Bladder Cancer Followed by Active Surveillance vs Treatment,non-inferiority mentioned,Proportion of patients found to have a cCR and randomized on the number of patients enrolled (pilot-RCT ; phase 2) | Metastasis free survival at 2 years (phase 3),exclude,"De-escalation pilot/phase III of active surveillance vs definitive bladder treatment whose phase III objective is to estimate 2-year MFS under surveillance, framed around non-inferiority; no superiority test is stated.",A prospective randomized trial is still lacking to ensure non-inferiority of active surveillance over the standard of care,,
NCT06554652,Selective Neck Dissection Versus Modified Neck Dissection in PTC,non-inferiority mentioned,Local-regional Recurrence Free Survival，LRFS,exclude,"Title and summary declare non-inferiority of selective vs modified neck dissection, local-regional recurrence-free survival primary.","A Randomized, Noninferiority Phase III Trial",,
NCT06561763,TPC VS. GP Induced Chemotherapy Combined With Nimotuzumab and Toripalimab in the Treatment of Locally Advanced Nasopharyngeal Carcinoma,non-inferiority mentioned,3-year event free survival,exclude,"Title declares a non-inferiority design comparing TPC vs GP induction, 3-year EFS primary.","Multi Center, Open Label, Randomized Controlled, Non Inferiority Design, Phase III Clinical Study",,
NCT06580314,"Testing Olaparib for One or Two Years, With or Without Bevacizumab, to Treat Ovarian Cancer",non-inferiority mentioned,Progression free survival (PFS) at least 360 days after randomization (PFS360),exclude,Primary objective is PFS non-inferiority of one vs two years of maintenance olaparib (duration de-escalation).,(non-inferiority) for one versus (vs.) two years of maintenance olaparib,,
NCT06606730,Personalizing the Use of Pembrolizumab for Patients Who Have a Strong Response in Early Triple Negative Breast Cancer,non-inferiority mentioned,Recurrence-free survival,exclude,"Summary declares non-inferiority of stopping vs continuing adjuvant pembrolizumab, RFS primary.","prospective, non-inferiority, two-arms, randomised (1:1), open-label, Phase III clinical study",,
NCT06608381,Comparison Partial Versus Total Omentectomy in Minimal Invasive Distal Gastrectomy for cT3/4a Gastric Cancer (KLASS-10),non-inferiority mentioned,3-year relapse free survival,exclude,Primary outcome is to verify non-inferiority of partial vs total omentectomy on 3-year RFS.,Verify the non-inferiority of partial omentectomy(omentum preservation) in 3-year relapse free survival(RFS),,
NCT06641635,Moderated Hypofractionated Online Adaptive Radiotherapy in Cervical Cancer,non-inferiority mentioned,Progression Free Survival,exclude,"Title and description declare non-inferiority of hypofractionated adaptive radiotherapy vs standard fractionation, PFS primary.","A Multicenter, Non-inferiority, Phase 3, Randomized Controlled Study of Moderated Hypofractionated Online Adaptive Radiotherapy",,
NCT06671912,"Testing Low Dose Tamoxifen for Invasive Breast Cancer, LoTam Trial",non-inferiority mentioned,Recurrence-free interval (RFI),exclude,Primary objective and analysis are non-inferiority of low-dose tamoxifen vs standard endocrine therapy on recurrence-free interval.,a stratified log-rank test for non-inferiority will be used to assess whether RFI with low-dose tamoxifen is non-inferior,,
NCT06704945,No Axillary Surgical Treatment in Clinically Lymph Node Negative Patients on Ultrasonography After Neoadjuvant Chemotherapy,non-inferiority mentioned,Invasive Disease Free Survival (iDFS),exclude,Aim is that omitting axillary surgery is non-inferior to SLNB on 5-year DFS.,is non-inferior to performing SLNB in terms of 5-year disease-free survival,,
NCT06752239,Prophylactic Radiotherapy Optimization for Enhanced Thyroid Function Protection in NPC,non-inferiority mentioned,Regional Recurrence-free Survival,exclude,"Title and summary declare non-inferiority of modified vs standard neck delineation, regional recurrence-free survival primary.","A Multicenter, Non-Inferiority, Open-Label, Randomized Controlled Phase III Clinical Trial",,
NCT06764238,Newly-diagnosed Intermediate/High Risk Pediatric B-cell ALL Protocol,non-inferiority mentioned,To investigate if Group B[2*(14-day blinatumomab + HDMTX*2)] can result in noninferior event-free survival (EFS) compared to Group A [28-day blinatumomab + HDMTX*4,exclude,Primary outcome is EFS non-inferiority of a shorter blinatumomab schedule (Group B) vs Group A.,can result in noninferior event-free survival (EFS) compared to Group A,,
NCT06795503,Non-Inferiority Study on MRNA-lncRNA Model in Low-Risk Triple-Negative Breast Cancer Patients,non-inferiority mentioned,invasive disease-free survival (iDFS),exclude,Title declares a non-inferiority study of adjuvant chemotherapy regimens with iDFS primary; the record gives no further design detail.,Non-Inferiority Study on MRNA-lncRNA Model in Low-Risk Triple-Negative Breast Cancer Patients,,
NCT06876714,ShortStop-HER2: 12 Months vs. 6 Months of HER2-targeted Medications for People With HER2+ Breast Cancer Who Had a Pathologic Complete Response After Chemotherapy Plus Trastuzumab,non-inferiority mentioned,Recurrence-free survival (RFS) | Functional Assessment of Cancer Therapy-Breast (FACT-B) total score (Quality of life),exclude,Primary objective is RFS non-inferiority of 6 vs 12 months of HER2 blockade (duration de-escalation).,results in a non-inferior recurrence-free survival (RFS) compared to 12 months of combined neo/adjuvant HER2 blockade,,
NCT06912698,Reduced Dose Radiotherapy vs Standard Dose Radiotherapy for Early Stage Nasopharyngeal Carcinoma,non-inferiority mentioned,Locoregional relapse-free survival,exclude,Title and summary declare non-inferiority of reduced-dose vs standard-dose radiotherapy on locoregional relapse-free survival.,A Phase III Randomized Controlled Non-Inferiority Clinical Trial Comparing Reduced-Dose Versus Standard-Dose Radiotherapy,,
NCT06992648,Trifluridine/Tipiracil Plus Regorafenib vs Trifluridine/Tipiracil Plus Bevacizumab for Refractory Metastatic Colorectal Cancer,non-inferiority mentioned,Progression free survival,exclude,Title and primary outcome declare PFS non-inferiority of trifluridine/tipiracil + regorafenib vs + bevacizumab.,"A Randomized, Controlled, Open-Label, Non-Inferiority Trial",,
NCT07008716,Omitting CTV for Primary Tumor in LS-SCLC,non-inferiority mentioned,Local progression free survival | Severe toxicity free survival,exclude,"Summary declares a non-inferior trial of omitting the primary-tumour CTV, local PFS primary.",This randomized controlled non-inferior trial prospectively enrolled patients with limited-stage small cell lung cancer,,
NCT07021339,Anterior Temporal Lobectomy in Temporal Glioblastoma,non-inferiority mentioned,Overall survival | Patient-reported Quality of Life,include,Primary objective is superiority of anterior temporal lobectomy on OS; non-inferiority applies only to the quality-of-life co-primary.,"primary objective is to demonstrate superiority of ATL in overall survival (OS), while confirming non-inferiority in health-related quality of life",,
NCT07068464,ICRA Randomised Controlled Trial,non-inferiority mentioned,Overall survival,include,"Stated as a superiority RCT on OS (interval vs delayed cytoreduction); 'non-inferiority' only describes earlier neoadjuvant trials, though note the hypothesis favours the arm labelled active comparator.",a pragmatic phase III superiority randomised controlled trial comparing overall survival,,
NCT07072000,Shrinking the Anterior Border of CTV2 for Nasopharyngeal Carcinoma to Reduce the Radiation of Nasal Cavity,non-inferiority mentioned,Local relapse-free survival,exclude,"Title and summary declare non-inferiority of reduced vs standard CTV delineation, local relapse-free survival primary.","an Open-label, Non-inferiority, Multicenter, Randomized Phase III Trial",,
NCT07097142,"Testing Shorter Duration Radiation Therapy Versus the Usual Radiation Therapy in Patients Receiving the Usual Chemotherapy Treatment for Bladder Cancer, ARCHER Study",non-inferiority mentioned,Bladder-intact event-free survival (BI-EFS),exclude,Primary objective is non-inferiority of ultra-hypofractionated vs hypofractionated radiotherapy on bladder-intact EFS.,with a 10% non-inferiority margin (from 50% to 40%) in the rate of bladder-intact event-free survival (BI-EFS),,
NCT07153757,De-escalation Therapy in Stage I ER-Positive Breast Cancer: A Non-Inferiority Trial,non-inferiority mentioned,5-year disease-free survival in the per-protocol population,exclude,"Title and summary declare non-inferiority of 2-3 years vs 5 years of endocrine therapy, 5-year DFS primary.","A Prospective, Randomized, Open-label, Non-inferiority, Phase III Study",,
NCT07169903,Segmentectomy vs Lobectomy for 2 - 3cm IASLC Grade 1-2 Lung Adenocarcinoma: A Multi-center RCT,non-inferiority mentioned,Overall Survival (OS) | Recurrence-Free Survival (RFS),exclude,Primary objective is non-inferiority of segmentectomy vs lobectomy on 5-year RFS and OS.,The non-inferiority of segmentectomy is primarily evaluated by 5-year relapse-free survival (RFS),,
NCT07177443,Serplulimab Combined With Induction Chemotherapy and Radiotherapy in Nasopharyngeal Carcinoma,non-inferiority mentioned,Event-free survival (EFS) | Overall survival (OS) | Incidence of Hearing Loss (any grade),exclude,"Title declares non-inferiority of omitting concurrent chemotherapy, EFS and OS primary.","A Multicenter, Open-Label, Randomized, Controlled, Phase III, Non-Inferiority Clinical Trial",,
NCT07188584,Phase III Non-Inferiority Trial: Reduced-Target vs. Full-Target IMRT After Chemo in Immunotherapy-Treated Metastatic Nasopharyngeal Cancer,non-inferiority mentioned,2-year Progression-Free Survival (PFS) | The incidence rate of radiotherapy-related ≥ grade 3 adverse events,exclude,"Title and summary declare non-inferiority of reduced-target vs full-target radiotherapy, 2-year PFS primary.","A Multicenter, Phase III Non-Inferiority Clinical Trial: Locoregional Volume-Reduction Versus Conventional Definitive Target IMRT",,
NCT07201337,Reduced-dose vs Standard-dose Irradiation for Low-risk Clinical Target Volume in Nasopharyngeal Carcinoma.,non-inferiority mentioned,Locoregional relapse-free survival,exclude,"Title declares non-inferiority of reduced-dose vs standard-dose prophylactic irradiation, locoregional relapse-free survival primary.","A Randomized, Open-Label, Non-Inferiority Phase III Multicenter Clinical Trial Comparing Reduced-Dose to Standard-Dose",,
NCT07223190,A Study Evaluating Subcutaneous Versus Intravenous Blinatumomab in Newly Diagnosed Adults With B-cell Precursor Acute Lymphoblastic Leukaemia,non-inferiority mentioned,Overall Survival (OS),exclude,Main objective is OS non-inferiority of subcutaneous vs intravenous blinatumomab (route comparison).,is non-inferior to continuous intravenous infusion (cIV) blinatumomab in conjunction with chemotherapy (Arm A) in overall survival (OS),,
NCT07235319,PD-1 Inhibitor Plus Chemotherapy Followed by Immediate Versus Salvage Locoregional Radiotherapy in De Novo Metastatic NPC,non-inferiority mentioned,Overall survival,exclude,"Title and summary declare non-inferiority of salvage vs immediate locoregional radiotherapy, OS primary.",Randomized Phase III Non-Inferiority Trial of PD-1 Inhibitor Plus Chemotherapy Followed by Immediate Versus Salvage Locoregional Radiotherapy,,
NCT07237256,"Chemotherapy De-escalation in HR +, HER2-, Intermediate-risk Early Breast Cancer Treated With Adjuvant Ribociclib",non-inferiority mentioned,Invasive breast cancer-free survival (iBCFS),exclude,"Title declares a non-inferiority trial of omitting adjuvant chemotherapy, iBCFS primary.","in the Adjuvant Setting, a Non-inferiority Phase III Trial",,
NCT07256158,PET Guided Dose Reduction for InvOlved Site Radiotherapy In Early sTage Unfavourable Hodgkin Lymphoma,non-inferiority mentioned,To evaluate if de-escalated ISRT dose (20 Gy) is not inferior to conventional ISRT dose (30 Gy) in terms of PFS in patients with newly diagnosed early-stage unfavourable HL achieving a complete metabolic response (DS 1-3) after 2 ABVD cycle,exclude,Primary outcome is that 20 Gy is not inferior to 30 Gy radiotherapy on PFS (dose de-escalation).,de-escalated ISRT dose (20 Gy) is not inferior to conventional ISRT dose (30 Gy) in terms of PFS,,
NCT07260435,Apa/Enza-short Study: Shorter Treatment With Androgen Receptor Pathway Inhibitor in Patients With Low-volume Metastatic Castration-sensitive Prostate Cancer,non-inferiority mentioned,Time to clinical progression free survival (cPFS) in both arms.,exclude,"Main question and primary outcome are non-inferiority of stopping ARPI at 12 months vs continuing, on clinical PFS.",is non-inferior to continued ARPI therapy,,
NCT07268690,Risk-Adapted Omission of Level Va Irradiation in Nasopharyngeal Carcinoma,non-inferiority mentioned,Regional failure-free survival,exclude,"Title declares non-inferiority of omitting level Va irradiation, regional failure-free survival primary.",A Phase III Randomized Non-Inferiority Trial,,
NCT07303023,Individualized Neck Cervical Irradiation Prophylaxis Trial of NPC,non-inferiority mentioned,neck recurrence-free survival.,exclude,"Title and description declare non-inferiority of individualized vs standard neck irradiation, neck recurrence-free survival primary.","A Non-inferiority, Phase III, Multicenter, Prospective, Randomized Controlled Trial",,
NCT07320690,De-Escalation Surgery After Immunotherapy in Locally Advanced Head and Neck Squamous Cell Carcinoma,non-inferiority mentioned,3-year overall survival (OS) rate,exclude,"Summary declares non-inferiority of de-escalated vs standard surgery, 3-year OS primary.","multicenter, randomized, open-label, non-inferiority clinical trial designed to evaluate whether downgraded surgery",,
NCT07328841,Reduced-dose Versus Conventional-dose Intensity-modulated Radiation Therapy for Locally Advanced Nasopharyngeal Carcinoma With Remission After Induction Chemotherapy and Immunotherapy,non-inferiority mentioned,Progress-Free Survival (PFS),exclude,Reduced-dose vs conventional-dose radiotherapy is judged on non-inferior 3-year PFS; superiority is sought only for toxicity and quality of life.,on the premise of ensuring non-inferior 3-year progression-free survival (PFS),,
NCT07366528,Adjuvant Oxaliplatin Plus S-1 Versus Docetaxel Plus S-1 for Stage III Gastric Cancer,non-inferiority mentioned,3-year disease-free survival rate,exclude,"Title and summary declare non-inferiority of SOX vs docetaxel + S-1, 3-year DFS primary.","a Multicenter, Open-label, Phase 3, Randomized, Non-inferiority Study",,
NCT07373990,Short-course Tislelizumab Combined With Chemoradiotherapy for Nasopharyngeal Carcinoma,non-inferiority mentioned,Failure-free survival (FFS),exclude,"Title and summary declare non-inferiority of short-course vs long-course tislelizumab, failure-free survival primary.","A Randomized, Controlled, Multicenter, Phase 3 Non-inferiority Clinical Trial",,
NCT07391774,"Testing Whether Hormone Therapy With Ribociclib is as Effective as Chemotherapy Followed by Hormone Therapy With Ribociclib for the Treatment of High Anatomic Stage Breast Cancer With Low Recurrence Risk, The RxFINE-Low Trial",non-inferiority mentioned,Invasive breast cancer-free survival (iBCFS),exclude,Primary objective is iBCFS non-inferiority of endocrine therapy + CDK4/6 inhibitor without chemotherapy vs with chemotherapy.,is non-inferior to adjuvant chemotherapy followed by optimal endocrine therapy with CDK4/6 inhibitor,,
NCT07432087,Camrelizumab Combined With EGFR Monoclonal Antibody or Chemotherapy for Perioperative Treatment of Locally Advanced Head and Neck Squamous Cell Carcinoma,non-inferiority mentioned,2-year Overall Survival (OS) Rate,exclude,"Summary declares a non-inferiority study of camrelizumab + cetuximab vs camrelizumab + chemotherapy, 2-year OS primary.","prospective, randomized, controlled, multicenter, non-inferiority clinical study",,
NCT07432178,CDK4/6 Inhibitors Intensification for Chemotherapy Omission in Small Size High-risk ER-positive Breast Cancer（Cinnamon）,non-inferiority mentioned,iDFS,exclude,Primary goal is that the chemotherapy-free regimen is not inferior on 5-year iDFS.,the chemotherapy-free regimen is not inferior to the chemotherapy-containing regimen in terms of 5-year invasive disease-free survival,,
NCT07476729,International Study for Treatment of Childhood Relapsed Precursor B-Cell ALL 2020 (IntReALL BCP 2020),non-inferiority mentioned,SR induction EFS | SR-MRD good response consolidation DFS | HR with CR2 consolidation DSF | Isolated extramedullary manifestations: EFS | SR induction: Pharmacokinetics Inotuzumab,unsure,"The extract contains no non-inferiority wording at all (the description is cut off at 3,000 characters) and states no hypothesis for the EFS/DFS primaries; the design replaces chemotherapy with immunotherapy, so the test type cannot be told without the full description.","by replacing toxic chemotherapy with targeted, less toxic immunotherapy strategies",,
NCT07500701,Salvage Moderate Hypofractionated Versus Ultrahypofractionated Radiotherapy for Biochemical Recurrence After Radical Prostatectomy in Prostate Cancer,non-inferiority mentioned,5-year biochemical progression-free survival (bPFS),exclude,"Title and summary declare non-inferiority of ultra-hypofractionated vs moderately hypofractionated salvage radiotherapy, 5-year biochemical PFS primary.","A Prospective, Multi-Center, Randomized Phase III Non- Inferiority Trial (HUB Trial)",,
NCT07530887,NO Re-excision MelanomA - NORMA 2,non-inferiority mentioned,Relapse-Free Survival (RFS),exclude,"Description states a non-inferiority design for omitting re-excision, RFS primary.",The trial is designed as a non-inferiority study to compare relapse-free survival between re-excision and no re-excision,,
NCT07572123,Evaluating the Addition of Maintenance Immunotherapy Compared to the Usual Treatment of Chemotherapy and Autologous Stem Cell Transplant Alone for High-risk Patients With Relapsed or Refractory Hodgkin Lymphoma,non-inferiority mentioned,Progression-free survival (PFS) (Standard risk cohort) | PFS (High-risk cohort),exclude,"The phase III (standard-risk) PFS comparison is non-inferiority first, with superiority only as a possible follow-on; the pure superiority test belongs to the phase II high-risk cohort.",Demonstrate the non-inferiority (and possible superiority) in progression free survival (PFS),,
NCT07590024,RAIRI Model-Guided Adjuvant Therapy in Nasopharyngeal Carcinoma,non-inferiority mentioned,3-year Failure-Free Survival (FFS),exclude,Primary objective is non-inferiority of RAIRI-guided omission of adjuvant therapy on 3-year failure-free survival.,non-inferior to standard adjuvant therapy with respect to 3-year failure-free survival,,
NCT07615751,Pyrotinib and Trastuzumab Combined With Dalpiciclib Versus Combined With Docetaxel in Advanced HER2-Positive Breast Cancer,non-inferiority mentioned,PFS,exclude,"Title and summary declare non-inferiority of a chemotherapy-free oral regimen vs docetaxel-containing regimen, PFS primary.","A Multicenter, Non-Inferiority, Randomized Phase III Clinical Study",,
NCT07617389,Selective Mediastinal Lymph Node Sampling Versus Systematic medIastinal Lymph Node Dissection After Neoadjuvant Chemoimmunotherapy for Non-small Cell Lung Cancer (SCIENCE Study),non-inferiority mentioned,2-year event-free survival (EFS) rate,exclude,"Summary declares a noninferiority trial of selective node sampling vs systematic dissection, 2-year EFS primary.","multicenter, open-label, randomized, parallel, noninferiority investigator-initiated trial",,
NCT07661771,Individualized Primary Clinical Target Volume Based on Margin Expansion for Nasopharyngeal Carcinoma,non-inferiority mentioned,Local relapse-free survival (LRFS),exclude,"Title and description declare non-inferiority of margin-based vs consensus CTV delineation, local relapse-free survival primary.","A Non-Inferiority, Multicenter, Randomized Phase 3 Trial",,
NCT07706985,"Efficacy and Safety of TPC Induction Chemotherapy Combined With Nimotuzumab and Toripalimab ""Immune Sandwich"" Regimen Versus Full-Course Immunotherapy for Locally Advanced Nasopharyngeal Carcinoma",non-inferiority mentioned,Event-Free Survival,exclude,"Title and summary declare non-inferiority of the immune-sandwich regimen (concurrent immunotherapy omitted) vs full-course immunotherapy, EFS primary.","A Multicenter, Randomized, Open-Label, Non-Inferiority Phase III Clinical Study",,
NCT07788001,A Non-inferiority Study of Indocyanine Green-guided Sentinel Lymph Node Mapping Versus Conventional Lymph Node Dissection in Esophageal Cancer,non-inferiority mentioned,3-year Disease free survival rate,exclude,"Title and summary declare non-inferiority of sentinel-node-only vs systematic lymph node dissection, 3-year DFS primary.","a Multicenter, Prospective, Non-inferiority Randomized Controlled Trial",,
NCT07827872,Neoadjuvant Sintilimab Plus Chemotherapy for cT2N0M0 Oral Squamous Cell Carcinoma,non-inferiority mentioned,3-Year Event-Free Survival (EFS),include,"Title and summary declare a superiority trial (neoadjuvant sintilimab + chemotherapy vs upfront surgery, EFS primary); 'not inferior' only describes earlier sentinel-node studies.","A Multicenter, Randomized Controlled, Open-Label, Superiority, Phase III Clinical Trial",,
