nct,acronym,brief_title,lead_sponsor,sponsor_type,primary_completion_date,scored_endpoint,reference_class,investigational_drug
NCT01954992,,Glufosfamide Versus 5-FU in Second Line Metastatic Pancreatic Cancer,Eleison Pharmaceuticals LLC.,industry,2028-03,Overall Survival,industry/overall_survival,glufosfamide
NCT04229979,REGAL,Galinpepimut-S Versus Investigator's Choice of Best Available Therapy for Maintenance in AML CR2/CRp2,Sellas Life Sciences Group,industry,2025-12,OS,industry/overall_survival,galinpepimut-s
NCT05120349,ADAURA2,A Global Study to Assess the Effects of Osimertinib in Participants With EGFRm Stage IA2-IA3 NSCLC Following Complete Tumour Resection,AstraZeneca,industry,2027-08-02,Disease-Free Survival (DFS) in high-risk stratum,industry/progression,osimertinib
NCT05221840,PACIFIC-9,A Global Study to Assess the Effects of Durvalumab With Oleclumab or Durvalumab With Monalizumab Following Concurrent Chemoradiation in Patients With Stage III Unresectable Non-Small Cell Lung Cancer,AstraZeneca,industry,2026-09-30,Progression Free Surival (PFS),industry/progression,oleclumab
NCT05382728,,Phase III Study of TY-9591 in Patients With Locally Advanced or Metastatic Non-small Cell Lung Cancer (FLETEO),"TYK Medicines, Inc",industry,2025-05,Median Progression Free Survival (PFS),industry/progression,ty-9591
NCT05489289,,A Phase III Study of AK104 as Adjuvant Therapy in HCC With High Risk of Recurrence After Curative Resection,Akeso,industry,2026-01-28,Recurrence free survival (RFS) by BICR,industry/progression,
NCT05608291,,A Trial to See if the Combination of Fianlimab With Cemiplimab Works Better Than Pembrolizumab for Preventing or Delaying Melanoma From Coming Back After it Has Been Removed With Surgery,Regeneron Pharmaceuticals,industry,2026-07-27,Relapse free survival (RSF),industry/progression,fianlimab
NCT06018337,,"A Study of DB-1303/BNT323 vs Investigator's Choice Chemotherapy in HER2-Low, Hormone Receptor Positive Metastatic Breast Cancer (DYNASTY-Breast02)",DualityBio Inc.,industry,2026-08-12,"Progression-free survival (PFS) in the HR+, HER2-low population",industry/progression,db-1303/bnt323
NCT06064877,FIERCE-HN,A Study of Ficlatuzumab in Combination With Cetuximab in Participants With Recurrent or Metastatic (R/M) HPV Negative Head and Neck Squamous Cell Carcinoma,"AVEO Pharmaceuticals, Inc.",industry,2027-08,To compare the efficacy by overall survival of ficlatuzumab plus cetuximab vs placebo plus cetuximab in participants with recurrent/metastatic (R/M) head and neck squamous cell carcinoma (HNSCC),industry/overall_survival,ficlatuzumab
NCT06104566,,Global Trial in APG2575 for Patients With CLL/SLL,Ascentage Pharma Group Inc.,industry,2026-12-31,PFS,industry/progression,
NCT06120491,EvoPAR-PR01,Saruparib (AZD5305) vs Placebo in Men With Metastatic Castration-Sensitive Prostate Cancer Receiving Physician's Choice New Hormonal Agents,AstraZeneca,industry,2027-09-30,Radiographic Progression-Free Survival (rPFS),industry/progression,saruparib
NCT06254599,,A Study Of SY-3505 Versus Crizotinib In First Line Treatment Of Patients With ALK-Positive NSCLC,Shouyao Holdings (Beijing) Co. LTD,non_industry,2026-05-01,Progression-free survival (PFS) assessed by independent radiology review (IRC) based on Response Evaluation Criteria in Solid Tumors (RECIST) version 1.1 (v1.1) criteria.,non_industry/progression,sy-3505 capsules
NCT06417814,TROPION-Lung15,A Study to Investigate the Efficacy and Safety of Dato-DXd With or Without Osimertinib Compared With Platinum Based Doublet Chemotherapy in Participants With EGFR-Mutated Locally Advanced or Metastatic Non-Small Cell Lung Cancer,AstraZeneca,industry,2026-09-30,Progression free Survival (PFS),industry/progression,dato-dxd
NCT06618664,,A Clinical Study of SHR-8068 Combined With Adebrelimab and Bevacizumab Versus Sintilimab Combined With Bevacizumab for the Treatment of Advanced Hepatocellular Carcinoma (KYLIN-02),"Suzhou Suncadia Biopharmaceuticals Co., Ltd.",industry,2026-10,Progression Free Survival (PFS),industry/progression,shr-8068
