nct,reason,reviewed_by,reviewed_on
NCT02166788,"Design is stated as non-inferiority, with the hypothesis of no DFS difference between inguinal and ilio-inguinal lymphadenectomy. The study lead ruled on 2026-10-09 to exclude it.",Abhijoy Sarkar,2026-10-09
NCT03399110,Hypothesis is that 4 months of XELOX is non-inferior to 6 months for DFS (duration de-escalation). The study lead ruled on 2026-10-09 to exclude it.,Abhijoy Sarkar,2026-10-09
NCT03654053,Not a cancer trial: the condition is cirrhosis and the endpoint is hepatic decompensation. The study lead ruled on 2026-10-09 to exclude it.,Abhijoy Sarkar,2026-10-09
NCT04047628,Not a cancer trial: the condition is multiple sclerosis. The study lead ruled on 2026-10-09 to exclude it.,Abhijoy Sarkar,2026-10-09
NCT04513717,"One registration holds two trials or cohorts, one tested for non-inferiority and one for superiority; the registry cannot say which of them a readout belongs to. The study lead ruled on 2026-10-09 that every such registration is excluded.",Abhijoy Sarkar,2026-10-09
NCT04909684,"Primary objective is OS non-inferiority of reduced-dose (75%) vs full-dose pembrolizumab, which is also a dose comparison. The study lead ruled on 2026-10-09 to exclude it.",Abhijoy Sarkar,2026-10-09
NCT05050084,"One registration holds two trials or cohorts, one tested for non-inferiority and one for superiority; the registry cannot say which of them a readout belongs to. The study lead ruled on 2026-10-09 that every such registration is excluded.",Abhijoy Sarkar,2026-10-09
NCT05674305,"Title and summary declare non-inferiority of radiotherapy alone vs concurrent chemoradiotherapy (chemotherapy omission), PFS primary. The study lead ruled on 2026-10-09 to exclude it.",Abhijoy Sarkar,2026-10-09
NCT06493552,"One registration holds two trials or cohorts, one tested for non-inferiority and one for superiority; the registry cannot say which of them a readout belongs to. The study lead ruled on 2026-10-09 that every such registration is excluded.",Abhijoy Sarkar,2026-10-09
NCT07154069,"One registration holds two trials or cohorts, one tested for non-inferiority and one for superiority; the registry cannot say which of them a readout belongs to. The study lead ruled on 2026-10-09 that every such registration is excluded.",Abhijoy Sarkar,2026-10-09
NCT07340567,"One registration holds two trials or cohorts, one tested for non-inferiority and one for superiority; the registry cannot say which of them a readout belongs to. The study lead ruled on 2026-10-09 that every such registration is excluded.",Abhijoy Sarkar,2026-10-09
