nct,readout_date,source,confidence,screened_by,traced
NCT00217737,2025-07-20,https://clinicaltrials.gov/study/NCT00217737,high,registry record,no
NCT00950001,2017-07-04,https://clinicaltrials.gov/api/v2/studies/NCT00950001,high,"rehearsal screen, agent 1",no
NCT00980954,2024-11-06,https://clinicaltrials.gov/study/NCT00980954,high,registry record,no
NCT01013649,2024-10-24,https://clinicaltrials.gov/study/NCT01013649,high,registry record,no
NCT01101451,2025-05-01,https://clinicaltrials.gov/study/NCT01101451,high,registry record,no
NCT01368588,2026-05-08,https://clinicaltrials.gov/study/NCT01368588,high,registry record,no
NCT01476787,2025-05-14,https://clinicaltrials.gov/study/NCT01476787,high,registry record,no
NCT01744249,2026-04-28,https://clinicaltrials.gov/study/NCT01744249,high,registry record,no
NCT01996865,2025-07-10,https://clinicaltrials.gov/study/NCT01996865,high,registry record,no
NCT02273375,2026-09-14,https://clinicaltrials.gov/study/NCT02273375,high,registry record,no
NCT02443077,2025-09-30,https://clinicaltrials.gov/study/NCT02443077,high,registry record,no
NCT02477826,2018-02-05,https://www.ono-pharma.com/sites/default/files/en/news/press/sm_cn180206.pdf,high,readout trace,yes
NCT02486718,2025-03-30,https://clinicaltrials.gov/study/NCT02486718,high,registry record,no
NCT02647099,2026-03-13,https://clinicaltrials.gov/study/NCT02647099,high,registry record,no
NCT02684292,2020-03-02,https://www.merck.com/news/mercks-keytruda-pembrolizumab-significantly-improved-progression-free-survival-compared-with-brentuximab-vedotin-in-patients-with-relapsed-or-refractory-classical-hodgkin-lymphoma-ch/,high,readout trace,yes
NCT02763319,2025-07-17,https://clinicaltrials.gov/study/NCT02763319,high,registry record,no
NCT02767804,2020-08-08,https://onclive.com/view/ensartinib-significantly-prolongs-pfs-over-crizotinib-in-alk-nsclc,high,readout trace,yes
NCT02784171,2023-03-10,https://onclive.com/view/pembrolizumab-plus-chemotherapy-meets-os-end-point-in-advanced-malignant-pleural-mesothelioma,high,readout trace,yes
NCT02912559,2026-04-14,https://clinicaltrials.gov/study/NCT02912559,high,registry record,yes
NCT02934529,2025-05-28,https://ascopubs.org/doi/10.1200/JCO.2025.43.16_suppl.3513,high,readout trace,yes
NCT02947347,2026-03-17,https://clinicaltrials.gov/study/NCT02947347,high,registry record,no
NCT02947685,2026-02-12,https://clinicaltrials.gov/study/NCT02947685,high,registry record,yes
NCT02948543,2025-06-01,https://ecancer.org/en/video/12376-bcg-combined-with-mitomycin-offers-improved-adjuvant-treatment-regimen-for-high-risk-nmibc,high,readout trace,yes
NCT02972840,2024-05-02,https://www.astrazeneca-us.com/media/press-releases/2024/calquence-combination-regimen-demonstrated-statistically-significant-and-clinically-meaningful-improvement-in-progression-free-survival-in-1st-line-mantle-cell-lymphoma-in-echo-phase-iii-trial.html,high,"rehearsal screen, agent 2",no
NCT02973789,2026-03-18,https://clinicaltrials.gov/study/NCT02973789,high,registry record,no
NCT03036098,2025-09-18,https://clinicaltrials.gov/study/NCT03036098,high,registry record,no
NCT03036488,2019-07-29,https://www.targetedonc.com/view/pembrolizumab-and-chemotherapy-met-primary-endpoint-in-phase-iii-tnbc-trial,high,readout trace,yes
NCT03049189,2025-01-28,https://markets.financialcontent.com/ms.intelvalue/article/gnwcq-2025-1-28-itm-announces-positive-topline-results-of-phase-3-compete-trial-with-itm-11-a-targeted-radiopharmaceutical-therapy-in-patients-with-grade-1-or-grade-2-gastroenteropancreatic-neuroendocrine-tumors-gep-nets,high,readout trace,yes
NCT03088540,2020-04-27,https://www.sec.gov/Archives/edgar/data/1121404/000119312520126294/d922254dex992.htm,high,readout trace,yes
NCT03112174,2025-07-22,https://clinicaltrials.gov/study/NCT03112174,high,registry record,no
NCT03168880,2023-03-01,https://clinicaltrials.gov/api/v2/studies/NCT03168880,high,"rehearsal screen, agent 1",no
NCT03182244,2025-01-14,https://clinicaltrials.gov/study/NCT03182244,high,registry record,no
NCT03199885,2025-12-30,https://clinicaltrials.gov/study/NCT03199885,high,registry record,no
NCT03221426,2025-02-20,https://clinicaltrials.gov/study/NCT03221426,high,registry record,no
NCT03274492,2021-08-09,https://www.roche.com/media/releases/med-cor-2021-08-09,high,readout trace,yes
NCT03301220,2025-12-23,https://clinicaltrials.gov/study/NCT03301220,high,registry record,no
NCT03353831,2024-06-02,https://targetedonc.com/view/atezolizumab-with-chemo-bevacizumab-added-no-benefit-in-ovarian-cancer,high,readout trace,yes
NCT03371017,2024-05-15,https://onclive.com/view/atezolizumab-plus-chemo-misses-mark-in-early-relapsing-unresectable-tnbc,high,readout trace,yes
NCT03377491,2024-12-02,https://www.sec.gov/Archives/edgar/data/1645113/000164511324000034/specialreportdec2024pr.htm,high,readout trace,yes
NCT03390504,2025-05-14,https://clinicaltrials.gov/study/NCT03390504,high,registry record,no
NCT03409614,2021-08-05,https://www.1stoncology.com/blog/?p=62128,high,readout trace,yes
NCT03521154,2025-04-03,https://clinicaltrials.gov/study/NCT03521154,high,registry record,no
NCT03522246,2025-06-24,https://clinicaltrials.gov/study/NCT03522246,high,registry record,no
NCT03528694,2025-05-09,https://www.astrazeneca.com/media-centre/press-releases/2025/imfinzi-improved-dfs-in-early-bladder-cancer.html,high,readout trace,yes
NCT03539744,2023-09-29,https://www.stocktitan.net/news/ABBV/abb-vie-presents-results-from-phase-3-canova-study-of-venetoclax-in-ht70bp85f7tp.html,high,readout trace,yes
NCT03575351,2025-08-03,https://clinicaltrials.gov/study/NCT03575351,high,registry record,no
NCT03596866,2025-02-19,https://clinicaltrials.gov/study/NCT03596866,high,registry record,no
NCT03602859,2024-12-20,https://www.sec.gov/Archives/edgar/data/1131399/000165495424015791/a8451q.htm,high,readout trace,yes
NCT03604991,2024-06-01,https://clinicaltrials.gov/api/v2/studies/NCT03604991,high,"rehearsal screen, agent 1",no
NCT03615326,2025-03-17,https://clinicaltrials.gov/study/NCT03615326,high,registry record,no
NCT03651128,2022-08-10,https://www.myeloma.org/news-events/multiple-myeloma-news/bms-2seventybio-topline-results-karmma-3-trial,high,readout trace,yes
NCT03652064,2026-04-08,https://clinicaltrials.gov/study/NCT03652064,high,registry record,no
NCT03656536,2026-08-11,https://clinicaltrials.gov/study/NCT03656536,high,registry record,yes
NCT03701308,2026-01-21,https://clinicaltrials.gov/study/NCT03701308,high,registry record,no
NCT03703297,2025-08-01,https://clinicaltrials.gov/study/NCT03703297,high,registry record,no
NCT03706365,2025-03-06,https://clinicaltrials.gov/study/NCT03706365,high,registry record,no
NCT03706690,2025-02-12,https://clinicaltrials.gov/study/NCT03706690,high,registry record,no
NCT03710876,2025-05-20,https://clinicaltrials.gov/study/NCT03710876,high,registry record,no
NCT03712605,2025-10-20,https://ecog-acrin.org/press-release-immunotherapy-after-surgery-shows-potential-in-preventing-the-spread-of-aggressive-skin-cancer/,high,"rehearsal screen, agent 2",no
NCT03729804,2025-11-03,https://doi.org/10.1182/blood-2025-99,high,"rehearsal screen, agent 2",no
NCT03732677,2025-07-03,https://clinicaltrials.gov/study/NCT03732677,high,registry record,no
NCT03737643,2023-04-05,https://www.medthority.com/news/2023/4/lynparza---imfinzi-combination-improved-progression-free-survival-in-newly-diagnosed-patients-with-advanced-ovarian-cancer-without-tumour-brca-mutations-in-duo-o-phase-iii-trial.-astrazeneca-,high,readout trace,yes
NCT03737981,2026-02-02,https://clinicaltrials.gov/study/NCT03737981,high,registry record,no
NCT03740165,2025-09-12,https://clinicaltrials.gov/study/NCT03740165,high,registry record,no
NCT03765918,2025-08-20,https://clinicaltrials.gov/study/NCT03765918,high,registry record,no
NCT03768414,2024-10-22,https://clinicaltrials.gov/study/NCT03768414,high,registry record,no
NCT03777982,2024-09-19,https://clinicaltrials.gov/study/NCT03777982,high,registry record,no
NCT03811002,2025-06-12,https://clinicaltrials.gov/study/NCT03811002,high,registry record,no
NCT03829462,2025-07-18,https://clinicaltrials.gov/study/NCT03829462,high,registry record,no
NCT03833167,2025-07-22,https://clinicaltrials.gov/study/NCT03833167,high,registry record,no
NCT03847428,2026-07-27,https://www.astrazeneca.com/content/dam/az/PDF/2026/h1q2/H1-and-Q2-2026-results-announcement.pdf,high,readout trace,yes
NCT03851640,2022-06-26,https://www.hinovapharma.com/news/202206/290.html,high,readout trace,yes
NCT03867084,2025-07-29,https://www.sec.gov/Archives/edgar/data/310158/000110465925071380/tm2521736d1_ex99-1.htm,high,readout trace,yes
NCT03867175,2025-06-13,https://clinicaltrials.gov/study/NCT03867175,high,registry record,yes
NCT03884101,2024-10-16,https://clinicaltrials.gov/study/NCT03884101,high,registry record,no
NCT03901339,2024-10-21,https://clinicaltrials.gov/study/NCT03901339,high,registry record,no
NCT03907488,2025-06-12,https://clinicaltrials.gov/study/NCT03907488,high,registry record,no
NCT03924856,2026-04-30,https://www.merck.com/news/merck-co-inc-rahway-n-j-usa-announces-first-quarter-2026-financial-results-highlights-significant-regulatory-approvals-and-clinical-milestones/,high,readout trace,yes
NCT03924869,2025-05-11,https://clinicaltrials.gov/study/NCT03924869,high,registry record,no
NCT03924895,2025-08-12,https://www.targetedonc.com/view/neoadjuvant-pembrolizumab-and-enfortumab-vedotin-improve-outcomes-in-mibc,high,readout trace,yes
NCT03941093,2024-11-05,https://clinicaltrials.gov/study/NCT03941093,high,registry record,no
NCT03952585,2025-05-02,https://clinicaltrials.gov/study/NCT03952585,high,registry record,no
NCT03957590,2026-04-13,https://clinicaltrials.gov/study/NCT03957590,high,registry record,yes
NCT03976323,2025-02-06,https://clinicaltrials.gov/study/NCT03976323,high,registry record,no
NCT03993912,2024-11-05,https://ash.confex.com/ash/2024/webprogram/Paper203045.html,high,readout trace,yes
NCT03997123,2024-06-18,https://www.sec.gov/Archives/edgar/data/901832/000165495424007869/a8461s.htm,high,readout trace,yes
NCT04002297,2026-06-30,https://www.cancernetwork.com/view/zanubrutinib-rituximab-improves-pfs-in-frontline-mantle-cell-lymphoma,high,readout trace,yes
NCT04008030,2025-09-22,https://clinicaltrials.gov/study/NCT04008030,high,registry record,no
NCT04026412,2025-07-24,https://clinicaltrials.gov/study/NCT04026412,high,registry record,no
NCT04039607,2024-03-20,https://www.biospace.com/bristol-myers-squibb-announces-checkmate-9dw-trial-evaluating-opdivo-nivolumab-plus-yervoy-ipilimumab-meets-primary-endpoint-of-overall-survival-for-the-first-line-treatment-of-advanced-hepatocellular-carcinoma,high,readout trace,yes
NCT04063163,2025-12-09,https://clinicaltrials.gov/study/NCT04063163,high,registry record,no
NCT04075292,2025-01-30,https://clinicaltrials.gov/study/NCT04075292,high,registry record,no
NCT04085276,2023-02-20,https://www.junshipharma.com/wp-content/uploads/2023/02/【君实生物新闻稿】君实生物特瑞普利单抗联合化疗治疗晚期三阴性乳腺癌的III期临床研究达到主要研究终点.pdf,high,readout trace,yes
NCT04093362,2025-02-07,https://clinicaltrials.gov/study/NCT04093362,high,registry record,no
NCT04094688,2026-03-03,https://clinicaltrials.gov/study/NCT04094688,high,registry record,no
NCT04114981,2026-09-28,https://ascopost.com/news/september-2026/fractionated-srs-approach-improves-outcomes-for-patients-with-resected-large-brain-metastases/,high,readout trace,yes
NCT04149574,2025-09-16,https://clinicaltrials.gov/study/NCT04149574,high,registry record,no
NCT04158141,2025-02-19,https://clinicaltrials.gov/study/NCT04158141,high,registry record,no
NCT04158440,2023-01-17,https://www.onclive.com/view/perioperative-toripalimab-plus-chemotherapy-meets-efs-end-point-in-nsclc,high,readout trace,yes
NCT04161885,2026-06-04,https://clinicaltrials.gov/study/NCT04161885,high,registry record,yes
NCT04165317,2025-01-10,https://oncodaily.com/insight/sasanlimab221816,high,readout trace,yes
NCT04181827,2025-05-20,https://clinicaltrials.gov/study/NCT04181827,high,registry record,no
NCT04182204,2025-12-22,https://clinicaltrials.gov/study/NCT04182204,high,registry record,yes
NCT04194775,2025-07-04,https://www1.hkexnews.hk/listedco/listconews/sehk/2025/0704/2025070402154.pdf,high,readout trace,yes
NCT04195750,2025-04-29,https://clinicaltrials.gov/study/NCT04195750,high,registry record,no
NCT04205812,2025-02-06,https://clinicaltrials.gov/study/NCT04205812,high,registry record,no
NCT04214262,2026-10-06,https://clinicaltrials.gov/study/NCT04214262,high,registry record,no
NCT04221945,2023-07-19,https://www.merck.com/news/merck-announces-phase-3-keynote-a18-trial-met-primary-endpoint-of-progression-free-survival-pfs-in-patients-with-newly-diagnosed-high-risk-locally-advanced-cervical-cancer/,high,readout trace,yes
NCT04222972,2026-03-05,https://clinicaltrials.gov/study/NCT04222972,high,registry record,yes
NCT04246047,2024-10-24,https://clinicaltrials.gov/study/NCT04246047,high,registry record,no
NCT04246177,2024-09-14,https://ascopost.com/news/september-2024/leap-012-pembrolizumab-plus-lenvatinib-added-to-tace-improved-progression-free-survival-in-hcc,high,readout trace,yes
NCT04266301,2025-12-12,https://clinicaltrials.gov/study/NCT04266301,high,registry record,no
NCT04269200,2025-12-23,https://clinicaltrials.gov/study/NCT04269200,high,registry record,no
NCT04294810,2022-05-11,https://www.roche.com/media/releases/med-cor-2022-05-11,high,readout trace,yes
NCT04334759,2025-10-19,https://www.onclive.com/view/durvalumab-plus-chemo-yields-inconclusive-results-in-advanced-pleural-mesothelioma,high,readout trace,yes
NCT04338399,2025-05-30,https://www.sec.gov/Archives/edgar/data/1944552/000121390025049136/ea0243792-6k_adlai.htm,high,readout trace,yes
NCT04384484,2026-06-03,https://www.sec.gov/Archives/edgar/data/0001771910/000095010326008465/dp247928_9902.htm,high,readout trace,yes
NCT04404283,2024-03-12,https://s206.q4cdn.com/795948973/files/doc_news/Pfizer-Announces-Positive-Overall-Survival-in-Phase-3-Trial-of-ADCETRIS-Regimen-in-Patients-with-RelapsedRefractory-Diffuse-Large-B-c-OPPZL.pdf,high,readout trace,yes
NCT04446117,2025-12-18,https://clinicaltrials.gov/study/NCT04446117,high,registry record,no
NCT04457297,2026-01-21,https://clinicaltrials.gov/study/NCT04457297,high,registry record,no
NCT04459715,2025-10-08,https://clinicaltrials.gov/study/NCT04459715,high,registry record,no
NCT04472429,2025-05-23,https://clinicaltrials.gov/study/NCT04472429,high,registry record,no
NCT04475939,2025-04-30,https://www.gsk.com/media/lwfjtr0d/q1-2025-results-announcement.pdf,high,readout trace,yes
NCT04484623,2025-03-18,https://clinicaltrials.gov/study/NCT04484623,high,registry record,no
NCT04493853,2024-11-25,https://www.onclive.com/view/capivasertib-plus-abiraterone-adt-improves-rpfs-in-pten-deficient-mhspc,high,readout trace,yes
NCT04494425,2025-04-02,https://clinicaltrials.gov/study/NCT04494425,high,registry record,no
NCT04497844,2025-06-03,https://www.1stoncology.com/blog/?p=103732,high,readout trace,yes
NCT04498117,2024-02-29,https://clinicaltrials.gov/api/v2/studies/NCT04498117,high,"rehearsal screen, agent 1",no
NCT04504825,2025-07-16,https://www.astrazeneca.com/media-centre/press-releases/2025/update-on-anselamimab-in-al-amyloidosis.html,high,readout trace,yes
NCT04512235,2025-07-16,https://www.astrazeneca.com/media-centre/press-releases/2025/update-on-anselamimab-in-al-amyloidosis.html,high,readout trace,yes
NCT04513925,2025-07-24,https://assets.roche.com/f/176343/x/cc1705dc16/irp250724.pdf,high,readout trace,yes
NCT04523272,2024-05-23,https://www1.hkexnews.hk/listedco/listconews/sehk/2024/0523/2024052301367.pdf,high,readout trace,yes
NCT04527991,2024-05-30,https://www.gilead.com/news/news-details/2024/gilead-provides-update-on-phase-3-tropics-04-study,high,readout trace,yes
NCT04546009,2026-03-09,https://www.roche.com/media/releases/med-cor-2026-03-09,high,readout trace,yes
NCT04586231,2025-10-28,https://www.merck.com/news/merck-and-eisai-announce-welireg-belzutifan-plus-lenvima-lenvatinib-met-primary-endpoint-of-progression-free-survival-pfs-in-certain-previously-treated-patients-with-advanced-renal-c/,high,readout trace,yes
NCT04592913,2025-03-07,https://www.astrazeneca.com/media-centre/press-releases/2025/imfinzi-improved-efs-in-early-stage-gastric-cancer.html,high,readout trace,yes
NCT04607421,2026-06-11,https://clinicaltrials.gov/study/NCT04607421,high,registry record,yes
NCT04619797,2026-06-03,https://clinicaltrials.gov/study/NCT04619797,high,registry record,no
NCT04622319,2025-09-29,https://www.astrazeneca.com/media-centre/press-releases/2025/enhertu-improved-idfs-in-early-bc-in-db-05.html,high,readout trace,yes
NCT04628494,2026-01-16,https://news.abbvie.com/2026-01-16-AbbVie-Announces-Topline-Results-for-Epcoritamab-DuoBody-R-CD3xCD20-from-Phase-3-EPCORE-R-DLBCL-1-Trial-in-Patients-with-Relapsed-Refractory-Diffuse-Large-B-cell-Lymphoma-DLBCL,high,readout trace,yes
NCT04634877,2024-09-14,https://pubmed.ncbi.nlm.nih.gov/39284383/,high,"rehearsal screen, agent 2",no
NCT04637594,2026-03-20,https://clinicaltrials.gov/study/NCT04637594,high,registry record,no
NCT04647526,2026-01-13,https://clinicaltrials.gov/study/NCT04647526,high,registry record,no
NCT04650581,2026-01-28,https://clinicaltrials.gov/study/NCT04650581,high,registry record,yes
NCT04650984,2025-11-11,https://www.philogen.com/documentation/PR/20251110_The_Board_of_Directors_approves_the_financial_position_for_the_third_quarter_of_2025.pdf,high,readout trace,yes
NCT04655976,2025-07-30,https://www.sec.gov/Archives/edgar/data/1131399/000165495425008641/a0713t-gskplc2ndquarterre.htm,high,readout trace,yes
NCT04656652,2025-07-23,https://clinicaltrials.gov/study/NCT04656652,high,registry record,no
NCT04658862,2024-10-07,https://clinicaltrials.gov/api/v2/studies/NCT04658862,high,"rehearsal screen, agent 1",no
NCT04660344,2025-08-18,https://www.natera.com/news/imvigor011-bladder-cancer-trial-achieves-positive-results,high,readout trace,yes
NCT04662710,2025-01-24,https://www.merck.com/news/merck-and-eisai-provide-update-on-phase-3-leap-015-trial-evaluating-keytruda-pembrolizumab-plus-lenvima-lenvatinib-in-combination-with-chemotherapy-in-patients-with-certain-types-of-ga/,high,readout trace,yes
NCT04680052,2025-04-04,https://clinicaltrials.gov/study/NCT04680052,high,registry record,no
NCT04685135,2025-01-22,https://clinicaltrials.gov/study/NCT04685135,high,registry record,no
NCT04700124,2025-12-17,https://www.merck.com/news/keytruda-pembrolizumab-plus-padcev-enfortumab-vedotin-ejfv-significantly-improved-event-free-survival-overall-survival-and-pathologic-complete-response-rates-for-cisplatin-eligible-pa/,high,readout trace,yes
NCT04704934,2025-03-03,https://daiichisankyo.us/documents/d/dsi/20250303_e,high,readout trace,yes
NCT04711252,2026-09-11,https://www.astrazeneca.com/media-centre/press-releases/2026/update-serena-4-phase-iii-trial.html,high,readout trace,yes
NCT04712097,2026-09-17,https://www.roche.com/media/releases/med-cor-2026-09-17,high,readout trace,yes
NCT04720157,2025-06-02,https://www.novartis.com/news/media-releases/novartis-pluvictotm-demonstrates-statistically-significant-and-clinically-meaningful-rpfs-benefit-patients-psma-positive-metastatic-hormone-sensitive-prostate-cancer,high,readout trace,yes
NCT04736199,2025-08-08,https://clinicaltrials.gov/study/NCT04736199,high,registry record,no
NCT04736706,2026-04-21,https://www.merck.com/news/merck-and-eisai-provide-update-on-phase-3-litespark-012-trial-evaluating-first-line-combination-treatments-for-certain-patients-with-advanced-renal-cell-carcinoma-rcc/,high,readout trace,yes
NCT04738487,2025-08-26,https://clinicaltrials.gov/study/NCT04738487,high,registry record,no
NCT04740918,2025-08-08,https://clinicaltrials.gov/study/NCT04740918,high,registry record,no
NCT04746924,2025-04-03,https://hkexir.beonemedicines.com/news/beigene-provides-update-on-the-ociperlimab-bgb-a1217-clinical-development-program/4f7a71c1-cb84-4fa6-b562-65c239f04bc6,high,readout trace,yes
NCT04752332,2025-07-15,https://clinicaltrials.gov/study/NCT04752332,high,registry record,no
NCT04765059,2026-01-13,https://clinicaltrials.gov/study/NCT04765059,high,registry record,yes
NCT04776148,2024-04-09,https://clinicaltrials.gov/study/NCT04776148,high,registry record,no
NCT04778397,2025-02-05,https://clinicaltrials.gov/study/NCT04778397,high,registry record,no
NCT04786964,2025-04-02,https://clinicaltrials.gov/study/NCT04786964,high,registry record,no
NCT04793932,2025-06-01,https://www.onclive.com/view/preoperative-paxg-extends-efs-in-resectable-and-borderline-resectable-pancreatic-cancer,high,readout trace,yes
NCT04819100,2026-02-16,https://www.curetoday.com/view/retevmo-improves-survival-in-early-ret-lung-cancer,high,readout trace,yes
NCT04821622,2026-03-19,https://www.urotoday.com/recent-abstracts/urologic-oncology/prostate-cancer/167602-talzenna-plus-xtandi-significantly-improves-radiographic-progression-free-survival-in-metastatic-prostate-cancer.html,high,readout trace,yes
NCT04824092,2026-01-05,https://investor.incyte.com/news-releases/news-release-details/incyte-announces-positive-topline-results-pivotal-study-0,high,readout trace,yes
NCT04865289,2024-10-18,https://clinicaltrials.gov/study/NCT04865289,high,registry record,no
NCT04866017,2024-10-31,https://clinicaltrials.gov/study/NCT04866017,high,registry record,no
NCT04871282,2025-12-15,https://www.sec.gov/Archives/edgar/data/1472012/000119312525318429/d793961dex991.htm,high,readout trace,yes
NCT04882241,2025-02-20,https://clinicaltrials.gov/study/NCT04882241,high,registry record,no
NCT04921358,2025-06-29,https://clinicaltrials.gov/study/NCT04921358,high,registry record,no
NCT04935359,2026-05-19,https://clinicaltrials.gov/study/NCT04935359,high,registry record,no
NCT04939142,2026-08-10,https://clinicaltrials.gov/study/NCT04939142,high,registry record,no
NCT04940052,2026-05-22,https://clinicaltrials.gov/study/NCT04940052,high,registry record,yes
NCT04949256,2025-07-29,https://www.sec.gov/Archives/edgar/data/310158/000110465925071380/tm2521736d1_ex99-1.htm,high,readout trace,yes
NCT04960709,2026-05-14,https://www.astrazeneca.com/media-centre/press-releases/2026/imfinzi-ev-improves-efs-os-in-bladder-cancer.html,high,readout trace,yes
NCT04961996,2025-11-18,https://www.roche.com/media/releases/med-cor-2025-11-18,high,readout trace,yes
NCT04964934,2025-02-26,https://www.astrazeneca.com/media-centre/press-releases/2025/camizestrant-improved-pfs-in-1l-hr-breast-cancer.html,high,readout trace,yes
NCT04965493,2026-04-13,https://www.onclive.com/view/fixed-duration-pirtobrutinib-plus-venetoclax-rituximab-yields-pfs-advantage-in-r-r-cll-sll,high,readout trace,yes
NCT04975308,2025-07-11,https://clinicaltrials.gov/study/NCT04975308,high,registry record,no
NCT04979442,2025-01-14,https://clinicaltrials.gov/study/NCT04979442,high,registry record,no
NCT04982237,2023-11-23,https://www1.hkexnews.hk/listedco/listconews/sehk/2023/1123/2023112300028.pdf,high,readout trace,yes
NCT04987203,2024-07-18,https://www.biospace.com/aveo-oncology-an-lg-chem-company-announces-phase-3-renal-cell-carcinoma-clinical-trial-tinivo-2-results,high,readout trace,yes
NCT05002569,2025-02-13,https://news.bms.com/news/details/2025/Bristol-Myers-Squibb-Provides-Update-on-Phase-3-RELATIVITY-098-Trial/default.aspx,high,readout trace,yes
NCT05008783,2023-11-07,https://www1.hkexnews.hk/listedco/listconews/sehk/2023/1107/2023110700059.pdf,high,readout trace,yes
NCT05015608,2025-01-02,https://www.hutch-med.com/orpathys-tagrisso-nda-acceptance-in-china-with-priority-review-status-for-lung-cancer-after-egfri/,high,readout trace,yes
NCT05020236,2026-04-29,https://www.targetedonc.com/view/elranatamab-shows-pfs-benefit-in-relapsed-refractory-multiple-myeloma,high,readout trace,yes
NCT05023980,2025-09-08,https://www.prnewswire.com/news-releases/lillys-jaypirca-pirtobrutinib-the-first-and-only-approved-non-covalent-reversible-btk-inhibitor-significantly-improved-progression-free-survival-in-patients-with-treatment-naive-cllsll-302548399.html,high,readout trace,yes
NCT05048797,2026-08-17,https://www.astrazeneca.com/media-centre/press-releases/2026/enhertu-improved-pfs-in-1l-her2m-lung-cancer.html,high,readout trace,yes
NCT05052801,2025-06-30,https://www.amgen.com/newsroom/press-releases/2025/06/amgen-announces-positive-topline-phase-3-results-for-bemarituzumab-in-fibroblast-growth-factor-receptor-2b-fgfr2b-positive-firstline-gastric-cancer,high,readout trace,yes
NCT05064059,2025-09-17,https://clinicaltrials.gov/study/NCT05064059,high,registry record,no
NCT05079230,2025-04-04,https://clinicaltrials.gov/study/NCT05079230,high,registry record,no
NCT05083169,2025-10-16,https://www.jnj.com/media-center/press-releases/tecvayli-plus-darzalex-faspro-combination-regimen-significantly-improves-progression-free-survival-and-overall-survival-versus-standard-of-care,high,readout trace,yes
NCT05089734,2025-01-14,https://clinicaltrials.gov/study/NCT05089734,high,registry record,no
NCT05091567,2025-12-29,https://clinicaltrials.gov/study/NCT05091567,high,registry record,no
NCT05092360,2025-03-25,https://www.stocktitan.net/news/MURA/mural-oncology-provides-update-on-phase-3-artistry-7-trial-of-xmbt2wsxhzp7.html,high,readout trace,yes
NCT05096663,2024-06-01,https://clinicaltrials.gov/api/v2/studies/NCT05096663,high,"rehearsal screen, agent 1",no
NCT05104866,2026-02-04,https://clinicaltrials.gov/study/NCT05104866,high,registry record,no
NCT05111626,2025-11-04,https://www.amgen.com/newsroom/press-releases/2025/11/amgen-reports-third-quarter-2025-financial-results,high,readout trace,yes
NCT05116189,2025-05-15,https://www.merck.com/news/merck-announces-phase-3-keynote-b96-trial-met-primary-endpoint-of-progression-free-survival-pfs-in-patients-with-platinum-resistant-recurrent-ovarian-cancer-whose-tumors-expressed-pd-l1-and-in-all-c/,high,readout trace,yes
NCT05132582,2025-10-14,https://s206.q4cdn.com/795948973/files/doc_news/TUKYSA-Combination-Significantly-Improves-Progression-Free-Survival-as-First-Line-Maintenance-in-HER2-Metastatic-Breast-Cancer-in-HER-DJC73.pdf,high,readout trace,yes
NCT05152147,2025-11-17,https://www.boardroomalpha.com/sec/zyme-8-k-2025-11-17-0001193125-25-283873/d17392dex991.htm,high,readout trace,yes
NCT05153239,2026-06-12,https://www.1stoncology.com/blog/?p=111795,high,readout trace,yes
NCT05155254,2025-08-11,https://stocktitan.net/sec-filings/IOBT/8-k-io-biotech-inc-reports-material-event-d69dc3205de5.html,high,readout trace,yes
NCT05169567,2025-02-27,https://clinicaltrials.gov/study/NCT05169567,high,registry record,no
NCT05171647,2026-03-06,https://clinicaltrials.gov/study/NCT05171647,high,registry record,yes
NCT05171816,2025-06-29,https://clinicaltrials.gov/study/NCT05171816,high,registry record,no
NCT05198934,2023-08-03,https://www.sec.gov/Archives/edgar/data/318154/000031815423000049/amgn-2023630earningsrelease.htm,high,readout trace,yes
NCT05208047,2025-11-10,https://www.targetedonc.com/view/bezuclastinib-combo-yields-promising-efficacy-in-2l-gist-poised-for-nda-submission,high,readout trace,yes
NCT05218499,2025-07-04,https://clinicaltrials.gov/study/NCT05218499,high,registry record,no
NCT05224141,2025-05-30,https://clinicaltrials.gov/study/NCT05224141,high,registry record,no
NCT05226598,2025-11-13,https://clinicaltrials.gov/study/NCT05226598,high,registry record,no
NCT05257408,2025-03-31,https://www.tipranks.com/news/the-fly/corcept-therapeutics-announces-rosella-trial-meets-primary-endpoint,high,readout trace,yes
NCT05261399,2026-08-17,https://data.fca.org.uk/artefacts/NSM/RNS/9bbec5da-f5d4-473a-82cd-dd6d99e9a1f7.html,high,readout trace,yes
NCT05269355,2025-06-13,https://clinicaltrials.gov/study/NCT05269355,high,registry record,no
NCT05270044,2025-06-03,https://doi.org/10.1200/jco.2025.43.17_suppl.lba9501,high,"rehearsal screen, agent 2",no
NCT05288166,2025-06-27,https://clinicaltrials.gov/study/NCT05288166,high,registry record,no
NCT05301842,2026-04-02,https://www.sec.gov/Archives/edgar/data/901832/000165495426003206/a2331z.htm,high,readout trace,yes
NCT05306340,2025-09-22,https://www.roche.com/media/releases/med-cor-2025-09-22,high,readout trace,yes
NCT05316701,2025-09-26,https://clinicaltrials.gov/study/NCT05316701,high,registry record,no
NCT05320692,2026-01-29,https://static.weeklyonstock.com/26/0129/wd175740.html,high,readout trace,yes
NCT05328908,2023-12-15,https://targetedonc.com/view/bms-ends-phase-3-trial-of-nivolumab-and-relatlimab-in-crc,high,readout trace,yes
NCT05348577,2025-04-29,https://www.astrazeneca.com/media-centre/press-releases/2025/update-on-capitello-280-phase-iii-trial.html,high,readout trace,yes
NCT05352672,2026-05-15,https://www.1stoncology.com/blog/?p=111036,high,readout trace,yes
NCT05365178,2025-07-10,https://www1.hkexnews.hk/listedco/listconews/sehk/2025/0710/2025071000233.pdf,high,readout trace,yes
NCT05374512,2025-10-06,https://www.daiichisankyo.com/files/news/pressrelease/pdf/202510/20251006_E.pdf,high,readout trace,yes
NCT05386550,2026-02-19,https://clinicaltrials.gov/study/NCT05386550,high,registry record,no
NCT05425940,2025-06-22,https://www.1stoncology.com/blog/?p=104077,high,readout trace,yes
NCT05427383,2025-04-30,https://www1.hkexnews.hk/listedco/listconews/sehk/2025/0430/2025043003280.pdf,high,readout trace,yes
NCT05432791,2026-04-08,https://clinicaltrials.gov/study/NCT05432791,high,registry record,no
NCT05450692,2025-12-22,https://www.astrazeneca.com/media-centre/press-releases/2025/update-on-latify-Phase-iii-trial-of-ceralasertib.html,high,readout trace,yes
NCT05501886,2025-07-28,https://www.sec.gov/Archives/edgar/data/1603454/000164117225021095/ex99-1.htm,high,readout trace,yes
NCT05522231,2025-03-18,https://www.biospace.com/press-releases/innovent-and-hutchmed-jointly-announce-that-the-frusica-2-phase-2-3-study-of-sintilimab-and-fruquintinib-combination-has-met-its-primary-endpoint-in-advanced-renal-cell-carcinoma-in-china,high,readout trace,yes
NCT05568095,2025-12-12,https://www.sec.gov/Archives/edgar/data/1724521/000172452125000120/rcus-20251212.htm,high,readout trace,yes
NCT05572515,2026-01-14,https://s203.q4cdn.com/636242992/files/doc_news/TECVAYLI-monotherapy-demonstrates-superior-progression-free-and-overall-survival-versus-standard-of-care-as-early-as-first-relapse-in-UOBKY.pdf,high,readout trace,yes
NCT05600309,2025-09-17,https://clinicaltrials.gov/study/NCT05600309,high,registry record,no
NCT05607550,2026-10-06,https://www.sec.gov/Archives/edgar/data/1868279/000110465926113898/tm2627092d1_ex99-1.htm,high,readout trace,yes
NCT05611931,2026-07-30,https://finviz.com/news/375218/karyopharm-announces-topline-results-from-phase-3-xport-ec-042-trial-in-endometrial-cancer,high,readout trace,yes
NCT05633602,2025-06-02,https://ascopost.com/news/june-2025/swog-s2302-pragmatica-lung-study-design-still-significant-even-with-negative-results-in-advanced-nsclc,high,readout trace,yes
NCT05654623,2025-03-11,https://www.sec.gov/Archives/edgar/data/1655759/000165575925000057/arvn-20250311.htm,high,readout trace,yes
NCT05665595,2025-04-06,https://clinicaltrials.gov/study/NCT05665595,high,registry record,no
NCT05668988,2026-03-21,https://www.utusan.com.my/pr-newswire-en/2026/03/dizal-announces-positive-topline-phase-3-results-from-wu-kong28-study-evaluating-oral-once-daily-zegfrovy-sunvozertinib-vs-platinum-containing-chemo-doublet-in-first-line-non-small-cell-lun/,high,readout trace,yes
NCT05740566,2025-04-11,https://www.amgen.com/newsroom/press-releases/2025/04/imdelltra-demonstrated-superior-overall-survival-in-small-cell-lung-cancer,high,readout trace,yes
NCT05838066,2026-06-10,https://www1.hkexnews.hk/listedco/listconews/sehk/2026/0610/2026061001238.pdf,high,readout trace,yes
NCT05840016,2025-04-23,https://www1.hkexnews.hk/listedco/listconews/sehk/2025/0423/2025042300057.pdf,high,readout trace,yes
NCT05904886,2025-07-24,https://assets.roche.com/f/176343/x/cc1705dc16/irp250724.pdf,high,readout trace,yes
NCT06012435,2026-06-22,https://s206.q4cdn.com/795948973/files/doc_news/Pfizer-Announces-Topline-Phase-3-Results-for-Sigvotatug-Vedotin-in-Previously-Treated-Metastatic-Non-Squamous-Non-Small-Cell-Lung-Can-UJDKP.pdf,high,readout trace,yes
NCT06081959,2025-05-22,https://clinicaltrials.gov/api/v2/studies/NCT06081959,high,"rehearsal screen, agent 1",no
NCT06199973,2026-02-10,https://www1.hkexnews.hk/listedco/listconews/sehk/2026/0210/2026021001086_c.pdf,high,readout trace,yes
NCT06208150,2026-07-23,https://www.jnj.com/media-center/press-releases/tecvayli-talvey-reduced-the-risk-of-disease-progression-or-death-by-89-and-the-risk-of-death-by-62-in-earlier-line-relapsed-refractory-multiple-myeloma,high,readout trace,yes
NCT06265428,2025-09-05,https://www.sec.gov/Archives/edgar/data/0001776985/000177698525000055/a99120250905_bnt323xdb-130.htm,high,readout trace,yes
NCT06304974,2025-11-18,https://m.gelonghui.com/news/5119390,high,readout trace,yes
NCT06343948,2026-08-26,https://ea-cdn.eurolandir.com/press-releases-attachments./4171766/688506_20260826_AQRN.pdf,high,readout trace,yes
NCT06346392,2026-07-27,https://www.astrazeneca.com/media-centre/press-releases/2026/sone-ve-improved-survival-in-gastric-cancers.html,high,readout trace,yes
NCT06382116,2026-08-18,http://static.cninfo.com.cn/finalpage/2026-08-18/1225477342.PDF,high,readout trace,yes
NCT06382142,2026-02-23,https://www.itiger.com/hans/news/2613820071,high,readout trace,yes
NCT06396065,2025-05-30,https://www.sec.gov/Archives/edgar/data/1599298/000159929825000099/a2025_prx0530-xxharmonix.htm,high,readout trace,yes
NCT06497556,2026-07-02,https://www.roche.com/media/releases/med-cor-2026-07-02,high,readout trace,yes
NCT06498479,2026-07-10,https://www1.hkexnews.hk/listedco/listconews/sehk/2026/0710/2026071001139.pdf,high,readout trace,yes
NCT06591520,2026-08-26,https://www1.hkexnews.hk/listedco/listconews/sehk/2026/0826/2026082600031.pdf,high,readout trace,yes
NCT06625320,2026-04-13,https://www.sec.gov/Archives/edgar/data/1628171/000119312526152039/d69348d8k.htm,high,readout trace,yes
NCT06868654,2025-04-23,https://clinicaltrials.gov/study/NCT06868654,high,registry record,no
NCT06868667,2025-05-09,https://clinicaltrials.gov/study/NCT06868667,high,registry record,no
NCT06927986,2026-08-26,https://www1.hkexnews.hk/listedco/listconews/sehk/2026/0826/2026082600791.pdf,high,readout trace,yes
NCT06935409,2026-07-28,https://www1.hkexnews.hk/listedco/listconews/sehk/2026/0728/2026072800772.pdf,high,readout trace,yes
NCT06956170,2025-06-11,https://clinicaltrials.gov/study/NCT06956170,high,registry record,no
