reference_class,trials,positive,rate,interval_low,interval_high,void,unresolved,not_yet_counted
industry/overall_survival,40,18,0.45,0.3070530781090492,0.6017090820106794,4,29,0
industry/progression,124,96,0.7741935483870968,0.6930097812633303,0.8388990425821045,13,68,3
industry/other_time_to_event,1,0,0.0,0.0,0.7934506856227626,0,0,0
non_industry/overall_survival,9,2,0.2222222222222222,0.06322510711784671,0.5474110308930111,1,14,3
non_industry/progression,15,11,0.7333333333333333,0.4804956594401943,0.8910254667430761,5,45,4
non_industry/other_time_to_event,0,0,,,,0,0,0
industry,165,114,0.6909090909090909,0.6167256448912234,0.7564054595190067,17,97,3
non_industry,24,13,0.5416666666666666,0.3507486535891948,0.72108666268789,6,59,7
all sponsors,189,127,0.671957671957672,0.6021788104266956,0.7348856382530753,23,156,10
