reference_class,trials,median,low,high
industry/overall_survival,23,0.819,0.6119870127813872,0.9759669413034029
industry/progression,88,0.6049793384901669,0.27737071186898055,0.8618074617338455
industry/other_time_to_event,0,,,
non_industry/overall_survival,7,0.86,0.5968403026231744,1.0018926381893718
non_industry/progression,10,0.6248199740725323,0.49691578151738824,0.8822005564135439
non_industry/other_time_to_event,0,,,
industry,111,0.641,0.32,0.93
non_industry,17,0.74,0.4877768062239232,0.9939879436616983
all sponsors,128,0.65,0.33696859249510014,0.96
