nct,reference_class,place,readout_date,hazard_ratio,traced_in,rechecked,adjudicated
NCT00268476,non_industry/overall_survival,in_doubt,2012-03-26,,trace_F1,False,False
NCT01405586,non_industry/overall_survival,negative,2017-05-20,0.86,trace_E2,False,False
NCT01785420,non_industry/progression,void,,,trace_F3,False,False
NCT01917552,non_industry/progression,unresolved,,,trace_E1,True,False
NCT01954992,industry/overall_survival,unresolved,,,trace_A,False,False
NCT02062489,non_industry/progression,unresolved,,,trace_E2,True,False
NCT02106572,industry/progression,void,,,trace_C2,False,False
NCT02166788,non_industry/progression,awaiting_design_review,,,trace_F3,False,False
NCT02416388,non_industry/overall_survival,in_doubt,2023-11-02,,trace_F2,False,False
NCT02429700,non_industry/progression,unresolved,,,trace_F2,False,False
NCT02455245,non_industry/progression,negative,2024-06-18,,trace_F3,False,False
NCT02477826,industry/progression,positive,2018-02-05,0.58,trace_B,False,False
NCT02546102,industry/overall_survival,unresolved,,,trace_D4,True,False
NCT02684292,industry/progression,positive,2020-03-02,0.65,trace_C1,False,False
NCT02767804,industry/progression,positive,2020-08-08,0.51,trace_D6,False,False
NCT02784171,non_industry/progression,positive,2023-03-10,,trace_E1,False,False
NCT02887040,non_industry/overall_survival,unresolved,,,trace_E2,False,False
NCT02912559,non_industry/progression,positive,2025-06-01,0.5,trace_F2,False,False
NCT02934529,non_industry/overall_survival,negative,2025-05-28,0.84,trace_E1,False,False
NCT02947685,non_industry/progression,positive,2024-12-12,0.74,trace_F2,False,False
NCT02948543,non_industry/progression,negative,2025-06-01,0.87,trace_E2,False,False
NCT02954874,non_industry/progression,unresolved,,,trace_F3,False,False
NCT03002103,industry/progression,unresolved,,,trace_D4,True,False
NCT03008148,industry/overall_survival,unresolved,,,trace_B,True,False
NCT03011060,non_industry/progression,unresolved,,,trace_F3,False,False
NCT03036488,industry/progression,positive,2019-07-29,0.63,trace_B,False,False
NCT03049189,industry/progression,positive,2025-01-28,0.67,trace_D5,False,False
NCT03088540,industry/overall_survival,positive,2020-04-27,0.676,trace_D6,False,False
NCT03094351,non_industry/overall_survival,positive,2026-03-31,0.71,trace_E2,False,False
NCT03250338,industry/progression,positive,2025-12-08,0.64,trace_C2,False,False
NCT03258931,industry/progression,unresolved,,,trace_C1,False,False
NCT03274492,industry/progression,positive,2021-08-09,0.73,trace_C2,False,False
NCT03281954,non_industry/progression,negative,2024-12-13,0.8,trace_F3,False,False
NCT03353831,industry/overall_survival,negative,2024-06-02,0.83,trace_A,False,False
NCT03371017,industry/overall_survival,negative,2024-05-15,0.93,trace_D2,False,False
NCT03377491,industry/overall_survival,positive,2024-12-02,0.819,trace_A,False,False
NCT03383458,industry/progression,unresolved,,,trace_C2,False,False
NCT03391934,industry/progression,unresolved,,,trace_D3,True,False
NCT03399110,non_industry/progression,awaiting_design_review,,,trace_E2,False,False
NCT03409614,industry/overall_survival,positive,2021-08-05,0.71,trace_D2,False,False
NCT03428477,non_industry/progression,unresolved,,,trace_F1,False,False
NCT03456063,industry/progression,negative,2026-01-29,,trace_C1,True,False
NCT03468010,non_industry/progression,unresolved,,,trace_F1,False,False
NCT03519230,industry/progression,unresolved,,,trace_C2,False,False
NCT03520686,industry/progression,in_doubt,2026-01-13,,trace_C1,True,False
NCT03528694,industry/progression,positive,2025-05-09,0.68,trace_D3,False,False
NCT03534713,non_industry/overall_survival,unresolved,,,trace_F3,False,False
NCT03539744,industry/progression,negative,2023-09-29,0.823,trace_D5,False,False
NCT03562637,industry/progression,negative,2025-04-23,,trace_B,False,False
NCT03602859,industry/progression,positive,2024-12-20,0.85,trace_A,True,False
NCT03613181,industry/overall_survival,unresolved,,,trace_D6,False,False
NCT03651128,industry/progression,positive,2022-08-10,0.49,trace_C2,False,False
NCT03656536,industry/progression,positive,2026-05-21,0.58,trace_D6,False,False
NCT03661320,industry/progression,unresolved,,,trace_C1,False,False
NCT03671252,non_industry/progression,unresolved,,,trace_F2,False,False
NCT03673072,non_industry/overall_survival,positive,2025-05-28,0.46,trace_F1,False,False
NCT03682068,industry/overall_survival,positive,2026-07-27,,trace_B,True,False
NCT03697343,non_industry/progression,unresolved,,,trace_F2,False,False
NCT03711032,industry/progression,unresolved,,,trace_D3,False,False
NCT03721744,industry/overall_survival,unresolved,,,trace_D5,False,False
NCT03737643,industry/progression,positive,2023-04-05,0.63,trace_D5,False,False
NCT03769506,industry/progression,negative,2026-05-30,0.98,trace_D5,False,False
NCT03840421,non_industry/progression,unresolved,,,trace_F2,False,False
NCT03847428,industry/progression,negative,2026-07-27,,trace_C1,False,False
NCT03851640,industry/progression,positive,2022-06-26,,trace_D5,False,False
NCT03867084,industry/progression,negative,2025-07-29,1.06,trace_D6,False,False
NCT03867175,non_industry/progression,void,,,trace_F1,False,False
NCT03899636,industry/overall_survival,unresolved,,,trace_D2,False,False
NCT03912415,industry/overall_survival,unresolved,,,trace_D2,True,False
NCT03924050,non_industry/overall_survival,unresolved,,,trace_E1,False,False
NCT03924856,industry/progression,negative,2026-04-30,,trace_C2,False,False
NCT03924895,industry/progression,positive,2025-08-12,0.4,trace_D1,False,False
NCT03926091,non_industry/progression,unresolved,,,trace_E1,False,False
NCT03957590,industry/progression,negative,2026-04-13,0.92,trace_B,False,False
NCT03993912,non_industry/progression,positive,2024-11-05,0.51,trace_E1,False,False
NCT03997123,industry/overall_survival,negative,2024-06-18,0.92,trace_B,True,False
NCT04002297,industry/progression,positive,2026-06-30,0.57,trace_A,False,False
NCT04027309,non_industry/overall_survival,negative,2026-03-09,1.02,trace_F3,False,False
NCT04039607,industry/overall_survival,positive,2024-03-20,0.79,trace_C1,False,False
NCT04047628,non_industry/progression,unresolved,,,trace_F1,False,False
NCT04085276,non_industry/progression,positive,2023-02-20,0.653,trace_E1,False,False
NCT04114981,non_industry/progression,positive,2026-09-28,0.53,trace_E2,False,False
NCT04135781,non_industry/progression,unresolved,,,trace_F1,False,False
NCT04158440,non_industry/progression,positive,2023-01-17,0.4,trace_E2,False,False
NCT04161885,industry/overall_survival,void,,,trace_B,False,False
NCT04165317,industry/progression,positive,2025-01-10,0.68,trace_D5,False,False
NCT04182204,industry/overall_survival,positive,2025-06-14,0.6,trace_B,True,False
NCT04194775,industry/overall_survival,negative,2025-07-04,,trace_D5,False,False
NCT04210115,industry/progression,negative,2026-04-30,,trace_C1,False,False
NCT04214067,non_industry/progression,unresolved,,,trace_F2,False,False
NCT04217278,non_industry/overall_survival,negative,2025-11-03,,trace_F3,False,False
NCT04221945,industry/progression,positive,2023-07-19,0.7,trace_D5,False,False
NCT04222972,industry/progression,positive,2025-09-18,0.59,trace_D4,False,False
NCT04229004,non_industry/overall_survival,negative,2022-01-26,,trace_E2,False,False
NCT04229979,industry/overall_survival,unresolved,,,trace_D6,False,False
NCT04233151,industry/progression,positive,2025-01-27,0.61,trace_D1,True,False
NCT04246177,industry/progression,positive,2024-09-14,0.66,trace_D6,False,False
NCT04294810,industry/progression,negative,2022-05-11,,trace_A,False,False
NCT04316013,non_industry/progression,void,,,trace_F3,False,False
NCT04334759,non_industry/overall_survival,negative,2025-10-19,0.92,trace_E1,False,False
NCT04338191,non_industry/progression,unresolved,,,trace_E1,True,False
NCT04338399,industry/overall_survival,negative,2025-05-30,1.02,trace_C1,True,False
NCT04339218,non_industry/overall_survival,unresolved,,,trace_F1,False,False
NCT04342910,industry/overall_survival,unresolved,,,trace_D1,False,False
NCT04384484,industry/progression,positive,2026-06-03,0.73,trace_B,False,False
NCT04404283,industry/overall_survival,positive,2024-03-12,0.63,trace_A,False,False
NCT04448522,non_industry/progression,unresolved,,,trace_E2,True,False
NCT04475939,industry/progression,negative,2025-04-30,,trace_A,True,False
NCT04486391,industry/progression,void,,,trace_C2,False,False
NCT04493853,industry/progression,positive,2024-11-25,,trace_D1,False,False
NCT04497844,industry/progression,positive,2025-06-03,,trace_D6,False,False
NCT04504825,industry/overall_survival,negative,2025-07-16,,trace_D3,False,False
NCT04512235,industry/overall_survival,negative,2025-07-16,,trace_D4,False,False
NCT04513925,industry/progression,negative,2025-07-24,0.96,trace_D5,False,False
NCT04523272,industry/progression,positive,2024-05-23,0.53,trace_D3,False,False
NCT04527991,industry/overall_survival,negative,2024-05-30,,trace_B,False,False
NCT04543617,industry/progression,negative,2025-04-24,0.82,trace_C1,False,False
NCT04546009,industry/progression,negative,2026-03-09,0.89,trace_C1,False,False
NCT04547166,industry/progression,unresolved,,,trace_A,False,False
NCT04578613,industry/progression,positive,2026-03-25,0.32,trace_D1,True,False
NCT04586231,industry/progression,positive,2025-10-28,0.7,trace_C2,False,False
NCT04592913,industry/progression,positive,2025-03-07,0.71,trace_D6,False,False
NCT04603807,industry/progression,unresolved,,,trace_B,False,False
NCT04607421,industry/progression,positive,2024-12-20,0.53,trace_D1,False,False
NCT04619433,industry/progression,void,,,trace_D4,False,False
NCT04622319,industry/progression,positive,2025-09-29,0.47,trace_D4,False,False
NCT04628494,industry/overall_survival,negative,2026-01-16,0.96,trace_C1,False,False
NCT04632758,industry/progression,positive,2023-09-10,0.344,trace_D3,False,False
NCT04639180,industry/progression,unresolved,,,trace_D4,False,False
NCT04650581,non_industry/progression,positive,2025-05-31,0.61,trace_F3,False,False
NCT04650984,industry/progression,negative,2025-11-11,,trace_A,False,False
NCT04655976,industry/overall_survival,negative,2025-07-30,0.85,trace_D6,False,False
NCT04660344,industry/progression,positive,2025-08-18,0.64,trace_D3,False,False
NCT04662710,industry/overall_survival,positive,2025-01-24,,trace_D4,False,False
NCT04679064,non_industry/overall_survival,unresolved,,,trace_E1,False,False
NCT04691063,industry/overall_survival,unresolved,,,trace_D4,False,False
NCT04700124,industry/progression,positive,2025-12-17,0.53,trace_C2,False,False
NCT04704934,industry/overall_survival,positive,2025-03-03,0.7,trace_A,True,False
NCT04711252,industry/progression,negative,2026-09-11,,trace_A,False,False
NCT04712097,industry/progression,positive,2026-09-17,,trace_B,True,False
NCT04714190,industry/overall_survival,unresolved,,,trace_D4,False,False
NCT04716114,industry/overall_survival,unresolved,,,trace_B,True,False
NCT04720157,industry/progression,positive,2025-06-02,,trace_D2,False,False
NCT04720716,industry/overall_survival,positive,2026-05-27,,trace_C1,True,False
NCT04736394,industry/progression,unresolved,,,trace_D2,False,False
NCT04736706,industry/progression,negative,2026-04-21,,trace_C1,False,False
NCT04746924,industry/overall_survival,negative,2025-04-03,,trace_D6,False,False
NCT04762459,non_industry/progression,unresolved,,,trace_F1,False,False
NCT04765059,industry/progression,in_doubt,2025-09-06,,trace_D3,True,False
NCT04793932,non_industry/progression,positive,2025-06-01,0.64,trace_E1,False,False
NCT04793958,industry/overall_survival,negative,2026-04-30,,trace_C2,False,False
NCT04819100,industry/progression,positive,2026-02-16,0.17,trace_C1,False,False
NCT04821622,industry/progression,positive,2026-03-19,,trace_C2,False,False
NCT04824092,industry/progression,positive,2026-01-05,0.75,trace_D6,False,False
NCT04829708,non_industry/overall_survival,unresolved,,,trace_E1,False,False
NCT04833114,non_industry/progression,negative,2026-06-11,1.0,trace_E1,False,False
NCT04834024,industry/progression,unresolved,,,trace_D6,True,False
NCT04854668,industry/progression,negative,2025-05-31,1.0,trace_A,False,False
NCT04861558,non_industry/progression,unresolved,,,trace_E1,True,False
NCT04871282,industry/progression,positive,2025-12-15,0.16,trace_A,False,False
NCT04876651,industry/progression,void,,,trace_D3,False,False
NCT04880746,non_industry/progression,unresolved,,,trace_E2,True,False
NCT04884360,industry/progression,unresolved,,,trace_D5,True,False
NCT04895358,industry/progression,unresolved,,,trace_C1,False,False
NCT04906993,industry/progression,positive,2025-09-30,0.68,trace_D2,False,False
NCT04909684,non_industry/overall_survival,awaiting_design_review,,,trace_F2,False,False
NCT04914598,industry/other_time_to_event,negative,2026-07-01,,trace_D6,True,False
NCT04921527,industry/progression,positive,2026-05-29,0.427,trace_D2,False,False
NCT04940052,industry/progression,positive,2025-10-22,0.38,trace_D3,False,False
NCT04949256,industry/overall_survival,negative,2025-07-29,0.92,trace_D1,False,False
NCT04960709,industry/progression,positive,2026-05-14,,trace_C2,False,False
NCT04961996,industry/progression,positive,2025-11-18,0.7,trace_B,False,False
NCT04964934,industry/progression,positive,2025-02-26,0.44,trace_D1,False,False
NCT04965493,industry/progression,positive,2026-04-13,0.547,trace_D6,False,False
NCT04974398,industry/progression,positive,2025-04-23,0.45,trace_D3,False,False
NCT04980716,non_industry/overall_survival,unresolved,,,trace_E2,False,False
NCT04982237,industry/progression,positive,2023-11-23,,trace_D1,False,False
NCT04987203,industry/progression,negative,2024-07-18,1.1,trace_B,False,False
NCT05002569,industry/progression,negative,2025-02-13,1.01,trace_B,False,False
NCT05008783,industry/overall_survival,positive,2023-11-07,0.62,trace_A,True,False
NCT05015608,industry/progression,positive,2025-01-02,0.34,trace_D1,False,False
NCT05015621,industry/overall_survival,unresolved,,,trace_D2,True,False
NCT05016245,industry/progression,unresolved,,,trace_B,False,False
NCT05020236,industry/progression,positive,2026-04-29,,trace_C1,False,False
NCT05023980,industry/progression,positive,2025-09-08,0.2,trace_D1,False,False
NCT05043090,industry/progression,unresolved,,,trace_C2,False,False
NCT05044117,non_industry/progression,unresolved,,,trace_E2,True,False
NCT05048797,industry/progression,positive,2026-08-17,0.63,trace_C2,False,False
NCT05051891,industry/progression,void,,,trace_D2,False,False
NCT05052801,industry/overall_survival,positive,2025-06-30,0.61,trace_D6,False,False
NCT05063136,non_industry/progression,unresolved,,,trace_F1,False,False
NCT05063786,non_industry/progression,void,,,trace_E1,False,False
NCT05083169,industry/progression,positive,2025-10-16,0.17,trace_B,False,False
NCT05092360,industry/overall_survival,negative,2025-03-25,0.98,trace_D1,False,False
NCT05111626,industry/overall_survival,negative,2025-11-04,,trace_C2,False,False
NCT05116189,industry/progression,positive,2025-05-15,0.72,trace_B,False,False
NCT05116462,industry/progression,unresolved,,,trace_D2,False,False
NCT05118776,industry/progression,in_doubt,2025-08-15,,trace_A,True,False
NCT05130866,industry/progression,negative,2025-05-05,,trace_D5,False,False
NCT05132075,industry/progression,void,,,trace_C1,False,False
NCT05132413,industry/progression,unresolved,,,trace_D2,True,False
NCT05132582,industry/progression,positive,2025-10-14,0.641,trace_A,False,False
NCT05144854,industry/overall_survival,negative,2026-05-27,0.9,trace_C1,False,False
NCT05152147,industry/progression,positive,2025-11-17,0.65,trace_C2,False,False
NCT05153239,industry/overall_survival,negative,2026-06-12,1.19,trace_C2,False,False
NCT05155254,industry/progression,negative,2025-08-11,0.77,trace_D1,False,False
NCT05171049,industry/progression,negative,2026-04-22,,trace_A,False,False
NCT05171075,industry/progression,void,,,trace_C1,False,False
NCT05171647,industry/progression,positive,2025-06-20,0.41,trace_D1,False,False
NCT05189028,non_industry/overall_survival,unresolved,,,trace_F1,False,False
NCT05189067,non_industry/progression,unresolved,,,trace_E2,True,False
NCT05194878,non_industry/progression,unresolved,,,trace_E1,True,False
NCT05198934,industry/progression,positive,2023-08-03,0.49,trace_D2,False,False
NCT05201404,industry/overall_survival,unresolved,,,trace_D5,False,False
NCT05204628,industry/progression,positive,2025-08-22,0.422,trace_B,True,False
NCT05208047,industry/progression,positive,2025-11-10,0.5,trace_B,False,False
NCT05211232,non_industry/progression,positive,2024-06-01,,trace_F1,False,False
NCT05211895,industry/progression,void,,,trace_C2,False,False
NCT05221840,industry/progression,unresolved,,,trace_D3,False,False
NCT05235516,industry/progression,unresolved,,,trace_D5,False,False
NCT05236972,non_industry/progression,unresolved,,,trace_E2,True,False
NCT05244642,industry/progression,unresolved,,,trace_D2,True,False
NCT05254171,industry/overall_survival,void,,,trace_D3,True,False
NCT05257395,industry/progression,positive,2025-09-17,,trace_D5,False,False
NCT05257408,industry/progression,positive,2025-03-31,0.7,trace_D1,False,False
NCT05261399,industry/progression,positive,2026-08-17,,trace_C2,False,False
NCT05264896,non_industry/progression,unresolved,,,trace_E2,True,False
NCT05268692,non_industry/overall_survival,unresolved,,,trace_E2,True,False
NCT05301842,industry/progression,positive,2026-04-02,0.7,trace_A,False,False
NCT05306340,industry/progression,positive,2025-09-22,0.56,trace_D3,False,False
NCT05313282,non_industry/progression,unresolved,,,trace_E2,True,False
NCT05320692,industry/progression,positive,2026-01-29,0.73,trace_A,False,False
NCT05328908,industry/overall_survival,negative,2023-12-15,,trace_A,False,False
NCT05341583,industry/progression,positive,2025-10-20,0.2,trace_D5,False,False
NCT05348577,industry/overall_survival,negative,2025-04-29,,trace_D5,False,False
NCT05352672,industry/progression,negative,2026-05-15,0.845,trace_C1,False,False
NCT05353257,industry/progression,unresolved,,,trace_B,False,False
NCT05365178,industry/progression,positive,2025-07-10,0.56,trace_D5,False,False
NCT05374512,industry/progression,positive,2025-10-06,,trace_D2,False,False
NCT05382728,industry/progression,unresolved,,,trace_A,False,False
NCT05413915,non_industry/progression,void,,,trace_E1,False,False
NCT05425940,industry/overall_survival,positive,2025-06-22,0.8,trace_C1,False,False
NCT05427383,industry/progression,positive,2025-04-30,0.25,trace_D2,False,False
NCT05427669,non_industry/progression,unresolved,,,trace_E2,True,False
NCT05429697,industry/progression,unresolved,,,trace_A,False,False
NCT05430399,non_industry/progression,unresolved,,,trace_E2,True,False
NCT05450692,industry/overall_survival,negative,2025-12-22,0.9,trace_C2,True,False
NCT05457556,non_industry/progression,unresolved,,,trace_F2,False,False
NCT05468489,industry/overall_survival,unresolved,,,trace_B,False,False
NCT05489289,industry/progression,unresolved,,,trace_B,False,False
NCT05501886,industry/progression,positive,2025-07-28,0.24,trace_D5,False,False
NCT05518318,industry/progression,unresolved,,,trace_D4,True,False
NCT05522231,industry/progression,positive,2025-03-18,,trace_D4,False,False
NCT05527470,non_industry/progression,unresolved,,,trace_E1,True,False
NCT05529940,non_industry/overall_survival,unresolved,,,trace_F1,False,False
NCT05549037,non_industry/progression,in_doubt,2025-05-28,,trace_F2,False,False
NCT05552976,industry/progression,positive,2026-03-09,0.48,trace_D1,False,False
NCT05566041,industry/progression,unresolved,,,trace_B,True,False
NCT05568095,industry/overall_survival,negative,2025-12-12,,trace_C2,False,False
NCT05572515,industry/progression,positive,2026-01-14,0.29,trace_C2,False,False
NCT05576272,industry/progression,unresolved,,,trace_D3,True,False
NCT05594927,industry/overall_survival,unresolved,,,trace_D4,True,False
NCT05607550,industry/progression,negative,2026-10-06,0.75,trace_D3,False,False
NCT05608291,industry/progression,unresolved,,,trace_D6,False,False
NCT05611931,industry/progression,negative,2026-07-30,0.76,trace_B,False,False
NCT05623267,non_industry/progression,unresolved,,,trace_E1,False,False
NCT05633602,non_industry/overall_survival,negative,2025-06-02,0.99,trace_E2,False,False
NCT05647954,industry/progression,unresolved,,,trace_D4,False,False
NCT05652894,industry/progression,unresolved,,,trace_D6,False,False
NCT05654623,industry/progression,positive,2025-03-11,0.58,trace_D5,False,False
NCT05668988,industry/progression,positive,2026-03-21,0.65,trace_A,True,False
NCT05673512,industry/progression,unresolved,,,trace_D3,False,False
NCT05673590,industry/overall_survival,unresolved,,,trace_D4,False,False
NCT05674305,non_industry/progression,awaiting_design_review,,,trace_F1,False,False
NCT05674539,non_industry/progression,unresolved,,,trace_E2,True,False
NCT05675319,non_industry/overall_survival,void,,,trace_F2,False,False
NCT05701436,non_industry/progression,unresolved,,,trace_E2,True,False
NCT05712694,industry/progression,negative,2026-06-25,,trace_A,False,False
NCT05717764,industry/progression,unresolved,,,trace_D5,False,False
NCT05737563,non_industry/overall_survival,unresolved,,,trace_F3,False,False
NCT05740566,industry/overall_survival,positive,2025-04-11,0.6,trace_B,False,False
NCT05744687,industry/progression,unresolved,,,trace_B,False,False
NCT05747794,industry/overall_survival,void,,,trace_C1,False,False
NCT05751850,industry/overall_survival,unresolved,,,trace_D5,True,False
NCT05754853,industry/overall_survival,unresolved,,,trace_A,False,False
NCT05755048,industry/progression,unresolved,,,trace_B,True,False
NCT05766605,non_industry/progression,unresolved,,,trace_E1,True,False
NCT05767892,industry/progression,unresolved,,,trace_D4,True,False
NCT05797831,industry/progression,void,,,trace_D6,True,False
NCT05806060,non_industry/progression,unresolved,,,trace_F2,False,False
NCT05814354,industry/progression,positive,2026-07-02,,trace_A,False,False
NCT05838066,industry/progression,positive,2026-06-10,,trace_D5,False,False
NCT05840016,industry/progression,positive,2025-04-23,0.6,trace_D3,False,False
NCT05840341,non_industry/overall_survival,unresolved,,,trace_E1,False,False
NCT05851014,industry/progression,positive,2024-03-27,,trace_D4,False,False
NCT05862064,non_industry/progression,unresolved,,,trace_E2,False,False
NCT05868707,industry/overall_survival,unresolved,,,trace_D4,True,False
NCT05870748,industry/progression,void,,,trace_D3,False,False
NCT05899049,industry/progression,unresolved,,,trace_C2,False,False
NCT05901935,industry/progression,unresolved,,,trace_B,True,False
NCT05904886,industry/progression,negative,2025-07-24,0.97,trace_D2,False,False
NCT05919030,non_industry/progression,unresolved,,,trace_E1,True,False
NCT05919381,industry/overall_survival,positive,2026-07-22,,trace_D1,False,False
NCT05922345,industry/overall_survival,unresolved,,,trace_D1,False,False
NCT05943795,industry/overall_survival,unresolved,,,trace_D1,False,False
NCT05945901,industry/progression,unresolved,,,trace_D4,False,False
NCT05990127,industry/overall_survival,unresolved,,,trace_A,False,False
NCT05994339,non_industry/overall_survival,unresolved,,,trace_E2,True,False
NCT06012435,industry/overall_survival,negative,2026-06-22,,trace_C2,False,False
NCT06018337,industry/progression,unresolved,,,trace_C1,False,False
NCT06045806,industry/progression,void,,,trace_D2,False,False
NCT06057610,industry/progression,positive,2026-08-31,,trace_B,False,False
NCT06073730,non_industry/progression,unresolved,,,trace_E2,False,False
NCT06079346,industry/overall_survival,unresolved,,,trace_D3,False,False
NCT06079983,industry/progression,unresolved,,,trace_D2,False,False
NCT06082635,industry/progression,unresolved,,,trace_D4,True,False
NCT06089382,non_industry/progression,unresolved,,,trace_E1,True,False
NCT06095167,non_industry/progression,unresolved,,,trace_E2,True,False
NCT06097416,non_industry/overall_survival,unresolved,,,trace_E1,True,False
NCT06110663,industry/progression,unresolved,,,trace_D6,True,False
NCT06122389,industry/progression,unresolved,,,trace_D6,False,False
NCT06123884,industry/progression,unresolved,,,trace_B,False,False
NCT06143553,industry/progression,unresolved,,,trace_D1,False,False
NCT06152575,industry/progression,unresolved,,,trace_D4,False,False
NCT06170489,non_industry/progression,unresolved,,,trace_E1,False,False
NCT06182592,industry/overall_survival,unresolved,,,trace_D6,True,False
NCT06196736,industry/progression,unresolved,,,trace_A,False,False
NCT06199973,industry/progression,positive,2026-02-10,0.33,trace_D6,False,False
NCT06208150,industry/progression,positive,2026-07-23,0.11,trace_C1,False,False
NCT06241755,industry/progression,unresolved,,,trace_D6,True,False
NCT06254599,non_industry/progression,unresolved,,,trace_E1,False,False
NCT06265428,industry/progression,positive,2025-09-05,,trace_D1,False,False
NCT06279364,industry/overall_survival,positive,2026-05-21,,trace_D2,False,False
NCT06295809,industry/progression,void,,,trace_A,False,False
NCT06296706,industry/overall_survival,unresolved,,,trace_D4,False,False
NCT06300177,industry/progression,unresolved,,,trace_D1,False,False
NCT06304974,industry/progression,positive,2025-11-18,,trace_A,False,False
NCT06313086,industry/progression,positive,2026-02-17,0.56,trace_D2,False,False
NCT06313983,industry/progression,unresolved,,,trace_D3,True,False
NCT06316531,industry/progression,unresolved,,,trace_D2,False,False
NCT06319313,industry/overall_survival,unresolved,,,trace_D4,False,False
NCT06343948,industry/progression,positive,2026-08-26,,trace_D6,False,False
NCT06346392,industry/progression,positive,2026-07-27,,trace_C1,False,False
NCT06371157,industry/progression,unresolved,,,trace_D1,False,False
NCT06382116,industry/progression,positive,2026-08-18,,trace_D1,False,False
NCT06382142,industry/progression,positive,2026-02-23,0.29,trace_C2,False,False
NCT06394492,industry/progression,unresolved,,,trace_D1,True,False
NCT06396065,industry/progression,positive,2025-05-30,0.52,trace_D5,False,False
NCT06417008,industry/progression,unresolved,,,trace_A,False,False
NCT06417814,industry/progression,unresolved,,,trace_D4,False,False
NCT06430437,industry/progression,unresolved,,,trace_D2,True,False
NCT06441565,non_industry/progression,unresolved,,,trace_E1,True,False
NCT06465446,non_industry/progression,unresolved,,,trace_F3,False,False
NCT06469879,industry/progression,unresolved,,,trace_B,True,False
NCT06485466,non_industry/progression,unresolved,,,trace_E1,True,False
NCT06492941,industry/overall_survival,unresolved,,,trace_D3,False,False
NCT06497556,industry/progression,positive,2026-07-02,,trace_C1,False,False
NCT06498479,industry/overall_survival,positive,2026-07-10,,trace_D5,False,False
NCT06519370,industry/progression,unresolved,,,trace_D2,False,False
NCT06548347,industry/progression,unresolved,,,trace_D3,True,False
NCT06564844,industry/progression,void,,,trace_A,False,False
NCT06569420,industry/progression,positive,2024-09-09,0.23,trace_A,False,False
NCT06591520,industry/overall_survival,positive,2026-08-26,,trace_D3,False,False
NCT06618664,industry/progression,unresolved,,,trace_D4,False,False
NCT06619236,industry/progression,unresolved,,,trace_C2,False,False
NCT06625320,industry/progression,positive,2026-04-13,0.4,trace_D2,False,False
NCT06664983,non_industry/progression,positive,2026-05-27,0.47,trace_E2,True,False
NCT06735391,industry/progression,unresolved,,,trace_A,False,False
NCT06738251,industry/progression,unresolved,,,trace_D3,False,False
NCT06759857,industry/progression,positive,2026-07-02,0.7,trace_D4,True,False
NCT06780930,industry/progression,unresolved,,,trace_C2,False,False
NCT06790966,industry/overall_survival,void,,,trace_C1,False,False
NCT06927986,industry/progression,positive,2026-08-26,,trace_D1,False,False
NCT06929325,industry/progression,unresolved,,,trace_D5,False,False
NCT06935409,industry/progression,positive,2026-07-28,,trace_B,False,False
NCT06980272,industry/progression,unresolved,,,trace_D2,True,False
NCT06998108,industry/progression,unresolved,,,trace_D3,True,False
NCT07226752,industry/overall_survival,unresolved,,,trace_C1,False,False
